"region"	"protein"	"start"	"last_start"	"sequence"	"aa_amount"	"no_border_start"	"no_border_last_start"	"no_border_sequence"	"no_border_aa_amount"
1	"TCSYLVIO_001348"	93	133	"ETTAGVALKDYDASMWDEEFFRKYILKPRLPEELEDRARVTDYALNSALLGFVILM"	56	109	117	"DEEFFRKYILKPRLPEELEDRARV"	24
2	"TCSYLVIO_001410"	229	269	"KSVMPPPSSAADSIILVCGPPPFMEAISGDKDFKTSPPSQGELKGMLKELGYMQKM"	56	245	253	"VCGPPPFMEAISGDKDFKTSPPSQ"	24
3	"TCSYLVIO_002530"	65	105	"ANWFLISLAHVEVVASSSIQWRRNSSAEAGDKPVVSCRRNVVQKASMQKEGGILEA"	56	81	89	"SSIQWRRNSSAEAGDKPVVSCRRN"	24
4	"TCSYLVIO_004014"	153	189	"VLAAVLEVLQHSKFWRRDTAVSTEKLANVSKHSANATNEAQKAGIQASKAAE"	52	169	173	"RDTAVSTEKLANVSKHSANA"	20
5	"TCSYLVIO_004014"	253	309	"EAERRFIQEEVQKKEAEAEKALNRAAAADKRVAELELARQKQSKEQGNEGRGHRRVRRSGSDSSSNYAPAYG"	72	269	293	"EAEKALNRAAAADKRVAELELARQKQSKEQGNEGRGHRRV"	40
6	"TCSYLVIO_004686"	1	73	"MMRFTRFLAVAAKRSATSAKLGKSVGLTAALSPRQRSLPRVSVTKLMKPSGSGKHALSSFLLKDKKKVATAKVAVPPKKKRALKVRKG"	88	17	57	"TSAKLGKSVGLTAALSPRQRSLPRVSVTKLMKPSGSGKHALSSFLLKDKKKVATAK"	56
7	"TCSYLVIO_006976"	1	81	"MGFDFGCLLNMCSTVLKRGGAPGSINYMEIGLNLIKIAAPYIVQYLGIMERPPRVDFEEFFQQAEVTEGFKPWEAPTHVSGTFRALFIGINYYGTS"	96	13	65	"STVLKRGGAPGSINYMEIGLNLIKIAAPYIVQYLGIMERPPRVDFEEFFQQAEVTEGFKPWEAPTHVS"	68
8	"TCSYLVIO_009166"	1	45	"MPAKSVPAPESAIKRAAFKRQQTENFKKAIAANKAARVALKKSAYARGLRYSREYRSAEK"	60	1	29	"MPAKSVPAPESAIKRAAFKRQQTENFKKAIAANKAARVALKKSA"	44
9	"TCSYLVIO_009166"	201	227	"GLWPFKLSPPAGGMRQKRRHFVEGGDYGNRDALINRFLARMI"	42	217	221	"KRRHFVEGGDYGNRDALINR"	20
10	"TcCLB.503635.59"	5	81	"KNKRISKGGKRGKKKTQETMSRKEWYDVVAPKNFEVRQFGKTICNKTQGTKIAADYLRGRVYESNLADLNKTQGDDDAYRKVKFVVQEVQGR"	92	21	65	"QETMSRKEWYDVVAPKNFEVRQFGKTICNKTQGTKIAADYLRGRVYESNLADLNKTQGDD"	60
11	"TcCLB.503635.59"	201	246	"KRCNPIVPLRDLRIRKVKVVRTPRFDAQALLNAHGEIPASAEGEARVVEEAQEAPAAEATA"	61	217	241	"VKVVRTPRFDAQALLNAHGEIPASAEGEARVVEEAQEAPA"	40
12	"TcCLB.504121.30"	133	185	"PALVMSRGHKIENVAEVPLVVEDAVQGYEKTKEAMAFLKAIGAVDDVNRVNDSREIRAGRGKMRNRRY"	68	149	169	"VPLVVEDAVQGYEKTKEAMAFLKAIGAVDDVNRVND"	36
13	"TcCLB.506129.50"	673	1405	"YNRPLNETEIGALNANKVTIPPPKSAEPKPAEPKSAEPKPAEPKPAEPKPAEPKPAEPKPAEPKPAEPKPAEPKPAEPKPAEPKPAEPKPAEPKPAEPKPAEPKPAEPKSAEPKPAEPKPAEPKPAEPKPAEPKPAEPKPAEPKPAEPKPAEPKPAEPKPAEPKPAEPKPAEPKPAEPKPAEPKPAEPKPAEPKPAEPKPAEPKPAEPKPAEPKSAEPKPAEPKPAEPKPAEPKPAEPKPAEPKSAEPKPAEPKPAEPKPAEPKPAEPKPAEPKPAEPKPAEPKPAEPKPAEPKPAEPKPAEPKPAEPKPAEPKPAEPKPAEPKPAEPKPAEPKPAEPKPAEPKPAEPKPAEPKPAEPKPAEPKPAEPKPAEPKPAEPKPAEPKPAEPKPAEPKPVEPKAAEPKPAEPKSAEPKPAEPKPAEPKPAEPKSAEPKPAEPKPAEPKPAEPKPVEPKPAEPKPAEPKPAEPKPAEPKPAEPKPAEPKSAEPKPAEPKPAEPKPVEPKPAEPKPAEPKPAEPKPAEPKSAEPKPAEPKPAEPKPAEPKPAEPKPAEPKSAEPKPAEPKPAEPKPAEPKPAEPKPAEPKPAEPKSAEPKPAEPKPAEPKSAEPKPAEPKPAEPKSAEPKPAEPKPAEPKSAEPKPAEPKPAEPKPAEPKPAEPKSAEPKPAEPKSAEPKPAEPKPAEPKPAEPKSAEPKPAEPKSGEPKPAEPKPAEPKPAEPNAATSSAREGTADQPASATSSDEHEALASV"	748	689	1389	"KVTIPPPKSAEPKPAEPKSAEPKPAEPKPAEPKPAEPKPAEPKPAEPKPAEPKPAEPKPAEPKPAEPKPAEPKPAEPKPAEPKPAEPKPAEPKSAEPKPAEPKPAEPKPAEPKPAEPKPAEPKPAEPKPAEPKPAEPKPAEPKPAEPKPAEPKPAEPKPAEPKPAEPKPAEPKPAEPKPAEPKPAEPKPAEPKPAEPKSAEPKPAEPKPAEPKPAEPKPAEPKPAEPKSAEPKPAEPKPAEPKPAEPKPAEPKPAEPKPAEPKPAEPKPAEPKPAEPKPAEPKPAEPKPAEPKPAEPKPAEPKPAEPKPAEPKPAEPKPAEPKPAEPKPAEPKPAEPKPAEPKPAEPKPAEPKPAEPKPAEPKPAEPKPAEPKPAEPKPVEPKAAEPKPAEPKSAEPKPAEPKPAEPKPAEPKSAEPKPAEPKPAEPKPAEPKPVEPKPAEPKPAEPKPAEPKPAEPKPAEPKPAEPKSAEPKPAEPKPAEPKPVEPKPAEPKPAEPKPAEPKPAEPKSAEPKPAEPKPAEPKPAEPKPAEPKPAEPKSAEPKPAEPKPAEPKPAEPKPAEPKPAEPKPAEPKSAEPKPAEPKPAEPKSAEPKPAEPKPAEPKSAEPKPAEPKPAEPKSAEPKPAEPKPAEPKPAEPKPAEPKSAEPKPAEPKSAEPKPAEPKPAEPKPAEPKSAEPKPAEPKSGEPKPAEPKPAEPKPAEPNAATSSAREGTADQ"	716
14	"TcCLB.506129.50"	1433	1481	"SSSDDAQTVGTEGGAVMQADQPTQFSVGTPDAANAATHNAERKGQEGLHPQVKEAEAATLSSSL"	64	1449	1481	"MQADQPTQFSVGTPDAANAATHNAERKGQEGLHPQVKEAEAATLSSSL"	48
15	"TcCLB.506419.60"	29	245	"FFVIFRVKFSGKERMFGVSSSGFGTAANTAGGFGTAANPTGGFGTAANPTGGFGTAANTAGGFGTAANTAGGFGTAANTAGGFGTAANTAGGFGTAANTAGGFGTAANTAGGFGTAANTAGGFGTAANPTGGFGTAANTAGGFGTAANLTGGFGTAANPTGGFGTAANPTGGFGTAANTAGGFGTAANIAGGFGVTGGLGFTAAGGFGAYAGAKNNNMVGMEQNIQEFGSQS"	232	45	229	"GVSSSGFGTAANTAGGFGTAANPTGGFGTAANPTGGFGTAANTAGGFGTAANTAGGFGTAANTAGGFGTAANTAGGFGTAANTAGGFGTAANTAGGFGTAANTAGGFGTAANPTGGFGTAANTAGGFGTAANLTGGFGTAANPTGGFGTAANPTGGFGTAANTAGGFGTAANIAGGFGVTGGLGFTAAGGFGAYAGAKNN"	200
16	"TcCLB.506755.140"	217	257	"CSLLAVLMALDTNLVGLERQLLQGTFAAGDKHLVPFCGVSTATIILLGGSMLLYWL"	56	233	241	"LERQLLQGTFAAGDKHLVPFCGVS"	24
17	"TcCLB.506821.200"	53	473	"GPIIQSHQGSGEQGRFGDGAFGGSTFAAGGFGFGSATTTSAPAAGGFGSATTTSAPAVGGFGSAAHTSAPAAGGFGSATTTSAPAAGGFGSATTTSAPAAGGFGSATTTSAPAAGGFGFGFGSATTTSAPAAGGFGSATTTSAPAAGGFGFGFGSATTTSAPAAGGFGSATTTSTPAAGGFGSAAHTSAPAVGGFGSATHTSAPAAGGFGSATTTSAPAVGGFGSAAHTSAPAAGGFGSATHTSAPAVGGFGFGSATTTSAPAAGGFGSAAHTSAPAAGGFGSATTTSAPAVGGFGSAAHTSAPAAGGFGSAAHTSAPAVGGFGSATHTSAPAAGGFGSATTTSAPAAGGFGSATTTSAPAAGGFGSATTTSAPAAGGFGSATTASAPAAGGFGSAAHTSAPAAGGFGSATTTSTPAAGGGNLGNSAAAATSGTAV"	436	69	457	"GDGAFGGSTFAAGGFGFGSATTTSAPAAGGFGSATTTSAPAVGGFGSAAHTSAPAAGGFGSATTTSAPAAGGFGSATTTSAPAAGGFGSATTTSAPAAGGFGFGFGSATTTSAPAAGGFGSATTTSAPAAGGFGFGFGSATTTSAPAAGGFGSATTTSTPAAGGFGSAAHTSAPAVGGFGSATHTSAPAAGGFGSATTTSAPAVGGFGSAAHTSAPAAGGFGSATHTSAPAVGGFGFGSATTTSAPAAGGFGSAAHTSAPAAGGFGSATTTSAPAVGGFGSAAHTSAPAAGGFGSAAHTSAPAVGGFGSATHTSAPAAGGFGSATTTSAPAAGGFGSATTTSAPAAGGFGSATTTSAPAAGGFGSATTASAPAAGGFGSAAHTSAPAAGGFGSATTTSTPAAGG"	404
18	"TcCLB.509007.70"	1249	1293	"LRRYVESTNACRASPPQAAAVPNFAAATADKPVGTQALFSMVDVGGLGDITTDALSARSN"	60	1265	1277	"QAAAVPNFAAATADKPVGTQALFSMVDV"	28
19	"TcCLB.510669.49"	49	89	"TLLLGIARQAYLLAKHSPRGSCKALLPEDAEKKVVPYTHEECKRAVVNLVKMSCFA"	56	65	73	"SPRGSCKALLPEDAEKKVVPYTHE"	24
20	"TcCLB.510943.206"	1	69	"SVGTNSDPDSFSSTNVSGGADAAPAPPSTAPGETKIPSELNATIPSDHDILLEFRELAAMALIGDSTVHVCVSRVLLLLLGLWG"	84	1	53	"SVGTNSDPDSFSSTNVSGGADAAPAPPSTAPGETKIPSELNATIPSDHDILLEFRELAAMALIGDSTV"	68
21	"TcCLB.511517.37"	49	89	"TFLCRILQLVLLAGVLLGFTNRWHLTSDDIHEAVNRLVDCATPRLVTALESMHQLV"	56	65	73	"LGFTNRWHLTSDDIHEAVNRLVDC"	24
22	"TcCLB.511633.79"	69	845	"GPLIPRRTSVPCRWKSKRMWGPRHVDPDHFRSTTQDAYRPVDPSAYKRALPLEEEEDVGPRHVDPDHFRSTTQDAYRPVDPSAYKRALPLEEEEDVGPRHVDPDHFRSTTQDAYRPVDPSAYKRALPQEEEEDVGPRHVDPDHFRSTTQDAYRPVDPSAYKRALPLEEQEDVGPRHVDPDHFRSTTQDAYRPVDPSAYKRALPQEEEEDVGPRHVDPDHFRSTTQDAYRPVDPSAYKRALPQEEEEDVGPRHVDPDHFRSTTQDAYRPVDPSAYKRALPQEEEEDVGPRHVDPDHFRSTTQDAYRPVDPSAYKRALPQEEEEDVGPRHVDPDHFRSTTQDAYRPVDPSAYKRALPQEEQEDVGPRHVDPDHFRSTTQDAYRPVDPSAYKRALPQEEEEDVGPRHVDPDHFRSTTQDAYRPVDPSAYKRALPQEEEEDVGPRHVDPDHFRSTTQDAYRPVDPSAYKRALPQEEEEDVGPRHVDPDHFRSTTQDAYRPVDPSAYKRALPQEEEEDVGPRHVDPDHFRSTTQDAYRPVDPSAYKRALPQEEEEDVGPRHVDPDHFRSTTQDAYRPVDPSAYKRALPQEEEEDVGPRHVDPDHFRSTTQDAYRPVDPSAYKRALPQEEEEDVGPRHVDPDHFRSTTQDAYRPVDPSAYKRALPQEEEEDVGPRHVDPDHFRSTTQDAYRPVDPSAYKRALPQEEEEDVGPRHVDPDHFRSTTQDAYRPVDPSAYKRALPQEEQEDVGPRHVDPDHFRSTTQDAYRPVDPSAYKRESPVVKDVRAVNVRHAYPDTLR"	792	85	829	"KRMWGPRHVDPDHFRSTTQDAYRPVDPSAYKRALPLEEEEDVGPRHVDPDHFRSTTQDAYRPVDPSAYKRALPLEEEEDVGPRHVDPDHFRSTTQDAYRPVDPSAYKRALPQEEEEDVGPRHVDPDHFRSTTQDAYRPVDPSAYKRALPLEEQEDVGPRHVDPDHFRSTTQDAYRPVDPSAYKRALPQEEEEDVGPRHVDPDHFRSTTQDAYRPVDPSAYKRALPQEEEEDVGPRHVDPDHFRSTTQDAYRPVDPSAYKRALPQEEEEDVGPRHVDPDHFRSTTQDAYRPVDPSAYKRALPQEEEEDVGPRHVDPDHFRSTTQDAYRPVDPSAYKRALPQEEQEDVGPRHVDPDHFRSTTQDAYRPVDPSAYKRALPQEEEEDVGPRHVDPDHFRSTTQDAYRPVDPSAYKRALPQEEEEDVGPRHVDPDHFRSTTQDAYRPVDPSAYKRALPQEEEEDVGPRHVDPDHFRSTTQDAYRPVDPSAYKRALPQEEEEDVGPRHVDPDHFRSTTQDAYRPVDPSAYKRALPQEEEEDVGPRHVDPDHFRSTTQDAYRPVDPSAYKRALPQEEEEDVGPRHVDPDHFRSTTQDAYRPVDPSAYKRALPQEEEEDVGPRHVDPDHFRSTTQDAYRPVDPSAYKRALPQEEEEDVGPRHVDPDHFRSTTQDAYRPVDPSAYKRALPQEEEEDVGPRHVDPDHFRSTTQDAYRPVDPSAYKRALPQEEQEDVGPRHVDPDHFRSTTQDAYRPVDPSAYKRESPVVK"	760
23	"TcCLB.511671.50"	21	93	"KHETNITFSDTVNPKKASSDDEKPPAESPFKSVFGAPSSTAAKPPAESPFKSVFGAPSSTAAKPPAELALKELGGTSCGKNGVWKCSR"	88	37	77	"ASSDDEKPPAESPFKSVFGAPSSTAAKPPAESPFKSVFGAPSSTAAKPPAELALKE"	56
24	"TcCLB.511671.50"	173	289	"VKAVVAFEPPRIPVEAEEHLFLVPNVGDKKEAKESESSSSYIWRCRVCDKAKPLAGQHLNGKTEVRSDCWPCAAKRTFYRAATQNTFTAKPPAESPFKSVFGAPSSTAAKSPAELALKELGGTSCGKNGVWK"	132	189	273	"EEHLFLVPNVGDKKEAKESESSSSYIWRCRVCDKAKPLAGQHLNGKTEVRSDCWPCAAKRTFYRAATQNTFTAKPPAESPFKSVFGAPSSTAAKSPAELA"	100
25	"TcCLB.511671.50"	329	365	"CWPCARKSTFILDREKLSVCGKRDVDEDDNRKPVINLSSTSGVVKAVVAFEP"	52	345	349	"LSVCGKRDVDEDDNRKPVIN"	20
26	"TcCLB.511671.50"	437	709	"RSDCWPCAAKRTFYRAATQNTFTAKPPAESPFKSVFGAPSSTAAKSPAETPFKSVFGAPSSTAAKPPAESPFKNVFGAPSSTAAKSPAETPFKSVFGAPSSTAAKPPAESPFKNVFGAPSSTAAKPPAETPFKSVFGAPPSTAAKPPAESPFKSVFGAPSSTAAKSPAETPFKSVFGAPSSTAAKSPAESPFKSVFGAPSSTAAKPPAESPFKSVFGAPSLTAAKPPAESPFKSVFGAPSSTAAKPPAESPFKSVFGAPSSTAAKPPAELALKELGGTSCGKNGVWKC"	288	453	693	"ATQNTFTAKPPAESPFKSVFGAPSSTAAKSPAETPFKSVFGAPSSTAAKPPAESPFKNVFGAPSSTAAKSPAETPFKSVFGAPSSTAAKPPAESPFKNVFGAPSSTAAKPPAETPFKSVFGAPPSTAAKPPAESPFKSVFGAPSSTAAKSPAETPFKSVFGAPSSTAAKSPAESPFKSVFGAPSSTAAKPPAESPFKSVFGAPSLTAAKPPAESPFKSVFGAPSSTAAKPPAESPFKSVFGAPSSTAAKPPAELAL"	256
27	"TcCLB.511671.50"	749	785	"WPCARKSTFILDREKLSVCGKRDVDEDDNRKPVINLSSTSGVVKAVVAFEPP"	52	765	769	"SVCGKRDVDEDDNRKPVINL"	20
28	"TcCLB.511671.50"	789	825	"GVVKAVVAFEPPRIPVEAEEHLFLVPNVGDKKEAKESESSSSYIWRCRVCDK"	52	805	809	"EAEEHLFLVPNVGDKKEAKE"	20
29	"TcCLB.511671.50"	857	1361	"SDCWPCAAKRTFYRAATQNTFTAKPPAESPFKSVFGAPSSTDAKPPAESPFKSVFGAPSSTDAKPPAESPFKNVFGAPSSTDAKPPAESPFKSVFGAPSSTAAKPPAESPFKSVFGAPSSTDAKPPAESPFKNVFGAPSSTAAKPPAESPFKSVFGAPSSTAAKSPAESPFKNVFGAPSSTDAKPPAESPFKNVFGAPSSTAAKPPAESPFKNVFGAPSSTDAKPPAESPFKSVFGAPSSTAAKPPAESPFKSVFGAPSSTDAKPPAESPFKNVFGAPSSTAAKPPAESPFKSVFGAPSSTDAKPPAESPFKSVFGAPSSTDAKPPAESPFKNVFGAPSSTAAKPPAESPFKNVFGAPSSTDAKPPAESPFKSVFGAPSSTAAKPPAESPFKNVFGAPSSTAAKPPAESPFKSVFGAPSSTAAKPPAESPFKSVFGAPSSTAAKPPAESPFKNVFGAPSSTDAKPPAESPFKSVFGAPSSTAAKPPAESPFKNAFGAPSSNVARVSEDSSLSVVSHLMPF"	520	873	1345	"TQNTFTAKPPAESPFKSVFGAPSSTDAKPPAESPFKSVFGAPSSTDAKPPAESPFKNVFGAPSSTDAKPPAESPFKSVFGAPSSTAAKPPAESPFKSVFGAPSSTDAKPPAESPFKNVFGAPSSTAAKPPAESPFKSVFGAPSSTAAKSPAESPFKNVFGAPSSTDAKPPAESPFKNVFGAPSSTAAKPPAESPFKNVFGAPSSTDAKPPAESPFKSVFGAPSSTAAKPPAESPFKSVFGAPSSTDAKPPAESPFKNVFGAPSSTAAKPPAESPFKSVFGAPSSTDAKPPAESPFKSVFGAPSSTDAKPPAESPFKNVFGAPSSTAAKPPAESPFKNVFGAPSSTDAKPPAESPFKSVFGAPSSTAAKPPAESPFKNVFGAPSSTAAKPPAESPFKSVFGAPSSTAAKPPAESPFKSVFGAPSSTAAKPPAESPFKNVFGAPSSTDAKPPAESPFKSVFGAPSSTAAKPPAESPFKNAFGAPSSNVAR"	488
30	"TcCLB.511671.50"	1485	1521	"EQMLVAFRSDLVGVIRSEIEGIVFAPQNTEGDNHAALPKTTRDEMTSSGKKG"	52	1501	1505	"SEIEGIVFAPQNTEGDNHAA"	20
31	"TcCLB.511671.60"	181	1081	"INQQINPHIANNKQKTTLEKTQTEQKTEPFGQAAADDKPSPFGQAAAGDKPPPFGQAAADDKPSPFGQAAAGDKPPPFGQAAAGDKPPPFGQAAAGDKPSPFGQAAAGDKPSPFGQAAAGDKPSPFGQAAAGDKPSPFGQAAAGDKPSPFGQAAAGDKPSPFGQIAAGDKPSPFGQVAAGDKPSPFGQAAAGDKPPPFGQAAADDKPSPFGQAAAGDKPSPFGQIAAGDRPPLFVPIAAGDKQPPFGQAAAGDKQPPFGQAAAGDKQPPFGQAAADDKPSPFGQAAAGDKPSPFGQIAAGDRPPPFGQAAAGDKQPPFGQAAAGDKQPPFGQAAAGDKQPPFGQIAAGDRPPLFVPIAAGDKPSPFGQIAAGDKPSLFGQAAAGDKPSPFGQVAAGDKQPPFGQAAAGDKQPPFGQAAAGDKQPPFGQAAAGDKQPPFGQAAAGDKQPPFGQAAAGDKQPPFGQAAAGDKPSPFGQIAAGDRPPLFVPIAAGDKQPPFGQAAAGDKQPPFGQAATGDKPSPFGQAAAGDKPSPFGQAAAGDKPSPFGQAAAGDKPSPFGQAAAGDKQPPFGQAAAGDKKPPFGQAAAGDKPSPFGQIAAGDKPSPFGQAAAGDKPSPFGQIAAGDKPSPFGQAAAGDKQPPFGQAAAGDKPSPFGQAAAGDKPPPFGQAAAGDKPSPFGQAAAGDKPSPFGQAAAGDKPPPFGQAAAGDKPSPFGQAAAGDKPSPFGQIAAGDKPSPFGQAAAGDKQPPFGQAAAGDKQPPFGQAAAGDKPSPFGQAAAGDKPSPFGQAAAGDKPSPFGQIAAGDKPSPFGQVAAGDKPSLFGQAAAGDKPSPFGQVAAGDKPSLFGQVAAGDKPSPFGQAAAGDKPSPFGQVAAGDKPSPFGQVAAGDKPSLFGQGTGFDASRNTMFANAPGVFQ"	916	197	1065	"TLEKTQTEQKTEPFGQAAADDKPSPFGQAAAGDKPPPFGQAAADDKPSPFGQAAAGDKPPPFGQAAAGDKPPPFGQAAAGDKPSPFGQAAAGDKPSPFGQAAAGDKPSPFGQAAAGDKPSPFGQAAAGDKPSPFGQAAAGDKPSPFGQIAAGDKPSPFGQVAAGDKPSPFGQAAAGDKPPPFGQAAADDKPSPFGQAAAGDKPSPFGQIAAGDRPPLFVPIAAGDKQPPFGQAAAGDKQPPFGQAAAGDKQPPFGQAAADDKPSPFGQAAAGDKPSPFGQIAAGDRPPPFGQAAAGDKQPPFGQAAAGDKQPPFGQAAAGDKQPPFGQIAAGDRPPLFVPIAAGDKPSPFGQIAAGDKPSLFGQAAAGDKPSPFGQVAAGDKQPPFGQAAAGDKQPPFGQAAAGDKQPPFGQAAAGDKQPPFGQAAAGDKQPPFGQAAAGDKQPPFGQAAAGDKPSPFGQIAAGDRPPLFVPIAAGDKQPPFGQAAAGDKQPPFGQAATGDKPSPFGQAAAGDKPSPFGQAAAGDKPSPFGQAAAGDKPSPFGQAAAGDKQPPFGQAAAGDKKPPFGQAAAGDKPSPFGQIAAGDKPSPFGQAAAGDKPSPFGQIAAGDKPSPFGQAAAGDKQPPFGQAAAGDKPSPFGQAAAGDKPPPFGQAAAGDKPSPFGQAAAGDKPSPFGQAAAGDKPPPFGQAAAGDKPSPFGQAAAGDKPSPFGQIAAGDKPSPFGQAAAGDKQPPFGQAAAGDKQPPFGQAAAGDKPSPFGQAAAGDKPSPFGQAAAGDKPSPFGQIAAGDKPSPFGQVAAGDKPSLFGQAAAGDKPSPFGQVAAGDKPSLFGQVAAGDKPSPFGQAAAGDKPSPFGQVAAGDKPSPFGQVAAGDKPSLFGQGTGF"	884
32	"TcCLB.511671.60"	1089	1125	"ANAPGVFQVSFGKPSTTFATTSFAAGGGFGAPSAFGSILQNVHATLPAGSAL"	52	1105	1109	"TFATTSFAAGGGFGAPSAFG"	20
