variantes,secuencias
STENPTEAQP,TSSTPPSGTENKPATGEAPSQPGASS
ITENPTEAQP,TISTPPSGTENKPATGEAPSQPGASS
SKENPTEAQP,TSSTPPSGKENKPATGEAPSQPGASS
IKENPTEAQP,TISTPPSGKENKPATGEAPSQPGASS
STDNPTEAQP,TSSTPPSGTDNKPATGEAPSQPGASS
ITDNPTEAQP,TISTPPSGTDNKPATGEAPSQPGASS
SKDNPTEAQP,TSSTPPSGKDNKPATGEAPSQPGASS
IKDNPTEAQP,TISTPPSGKDNKPATGEAPSQPGASS
STEKPTEAQP,TSSTPPSGTEKKPATGEAPSQPGASS
ITEKPTEAQP,TISTPPSGTEKKPATGEAPSQPGASS
SKEKPTEAQP,TSSTPPSGKEKKPATGEAPSQPGASS
IKEKPTEAQP,TISTPPSGKEKKPATGEAPSQPGASS
STDKPTEAQP,TSSTPPSGTDKKPATGEAPSQPGASS
ITDKPTEAQP,TISTPPSGTDKKPATGEAPSQPGASS
SKDKPTEAQP,TSSTPPSGKDKKPATGEAPSQPGASS
IKDKPTEAQP,TISTPPSGKDKKPATGEAPSQPGASS
STENATEAQP,TSSTPPSGTENKAATGEAPSQPGASS
ITENATEAQP,TISTPPSGTENKAATGEAPSQPGASS
SKENATEAQP,TSSTPPSGKENKAATGEAPSQPGASS
IKENATEAQP,TISTPPSGKENKAATGEAPSQPGASS
STDNATEAQP,TSSTPPSGTDNKAATGEAPSQPGASS
ITDNATEAQP,TISTPPSGTDNKAATGEAPSQPGASS
SKDNATEAQP,TSSTPPSGKDNKAATGEAPSQPGASS
IKDNATEAQP,TISTPPSGKDNKAATGEAPSQPGASS
STEKATEAQP,TSSTPPSGTEKKAATGEAPSQPGASS
ITEKATEAQP,TISTPPSGTEKKAATGEAPSQPGASS
SKEKATEAQP,TSSTPPSGKEKKAATGEAPSQPGASS
IKEKATEAQP,TISTPPSGKEKKAATGEAPSQPGASS
STDKATEAQP,TSSTPPSGTDKKAATGEAPSQPGASS
ITDKATEAQP,TISTPPSGTDKKAATGEAPSQPGASS
SKDKATEAQP,TSSTPPSGKDKKAATGEAPSQPGASS
IKDKATEAQP,TISTPPSGKDKKAATGEAPSQPGASS
STENTTEAQP,TSSTPPSGTENKTATGEAPSQPGASS
ITENTTEAQP,TISTPPSGTENKTATGEAPSQPGASS
SKENTTEAQP,TSSTPPSGKENKTATGEAPSQPGASS
IKENTTEAQP,TISTPPSGKENKTATGEAPSQPGASS
STDNTTEAQP,TSSTPPSGTDNKTATGEAPSQPGASS
ITDNTTEAQP,TISTPPSGTDNKTATGEAPSQPGASS
SKDNTTEAQP,TSSTPPSGKDNKTATGEAPSQPGASS
IKDNTTEAQP,TISTPPSGKDNKTATGEAPSQPGASS
STEKTTEAQP,TSSTPPSGTEKKTATGEAPSQPGASS
ITEKTTEAQP,TISTPPSGTEKKTATGEAPSQPGASS
SKEKTTEAQP,TSSTPPSGKEKKTATGEAPSQPGASS
IKEKTTEAQP,TISTPPSGKEKKTATGEAPSQPGASS
STDKTTEAQP,TSSTPPSGTDKKTATGEAPSQPGASS
ITDKTTEAQP,TISTPPSGTDKKTATGEAPSQPGASS
SKDKTTEAQP,TSSTPPSGKDKKTATGEAPSQPGASS
IKDKTTEAQP,TISTPPSGKDKKTATGEAPSQPGASS
STENPAEAQP,TSSTPPSGTENKPAAGEAPSQPGASS
ITENPAEAQP,TISTPPSGTENKPAAGEAPSQPGASS
SKENPAEAQP,TSSTPPSGKENKPAAGEAPSQPGASS
IKENPAEAQP,TISTPPSGKENKPAAGEAPSQPGASS
STDNPAEAQP,TSSTPPSGTDNKPAAGEAPSQPGASS
ITDNPAEAQP,TISTPPSGTDNKPAAGEAPSQPGASS
SKDNPAEAQP,TSSTPPSGKDNKPAAGEAPSQPGASS
IKDNPAEAQP,TISTPPSGKDNKPAAGEAPSQPGASS
STEKPAEAQP,TSSTPPSGTEKKPAAGEAPSQPGASS
ITEKPAEAQP,TISTPPSGTEKKPAAGEAPSQPGASS
SKEKPAEAQP,TSSTPPSGKEKKPAAGEAPSQPGASS
IKEKPAEAQP,TISTPPSGKEKKPAAGEAPSQPGASS
STDKPAEAQP,TSSTPPSGTDKKPAAGEAPSQPGASS
ITDKPAEAQP,TISTPPSGTDKKPAAGEAPSQPGASS
SKDKPAEAQP,TSSTPPSGKDKKPAAGEAPSQPGASS
IKDKPAEAQP,TISTPPSGKDKKPAAGEAPSQPGASS
STENAAEAQP,TSSTPPSGTENKAAAGEAPSQPGASS
ITENAAEAQP,TISTPPSGTENKAAAGEAPSQPGASS
SKENAAEAQP,TSSTPPSGKENKAAAGEAPSQPGASS
IKENAAEAQP,TISTPPSGKENKAAAGEAPSQPGASS
STDNAAEAQP,TSSTPPSGTDNKAAAGEAPSQPGASS
ITDNAAEAQP,TISTPPSGTDNKAAAGEAPSQPGASS
SKDNAAEAQP,TSSTPPSGKDNKAAAGEAPSQPGASS
IKDNAAEAQP,TISTPPSGKDNKAAAGEAPSQPGASS
STEKAAEAQP,TSSTPPSGTEKKAAAGEAPSQPGASS
ITEKAAEAQP,TISTPPSGTEKKAAAGEAPSQPGASS
SKEKAAEAQP,TSSTPPSGKEKKAAAGEAPSQPGASS
IKEKAAEAQP,TISTPPSGKEKKAAAGEAPSQPGASS
STDKAAEAQP,TSSTPPSGTDKKAAAGEAPSQPGASS
ITDKAAEAQP,TISTPPSGTDKKAAAGEAPSQPGASS
SKDKAAEAQP,TSSTPPSGKDKKAAAGEAPSQPGASS
IKDKAAEAQP,TISTPPSGKDKKAAAGEAPSQPGASS
STENTAEAQP,TSSTPPSGTENKTAAGEAPSQPGASS
ITENTAEAQP,TISTPPSGTENKTAAGEAPSQPGASS
SKENTAEAQP,TSSTPPSGKENKTAAGEAPSQPGASS
IKENTAEAQP,TISTPPSGKENKTAAGEAPSQPGASS
STDNTAEAQP,TSSTPPSGTDNKTAAGEAPSQPGASS
ITDNTAEAQP,TISTPPSGTDNKTAAGEAPSQPGASS
SKDNTAEAQP,TSSTPPSGKDNKTAAGEAPSQPGASS
IKDNTAEAQP,TISTPPSGKDNKTAAGEAPSQPGASS
STEKTAEAQP,TSSTPPSGTEKKTAAGEAPSQPGASS
ITEKTAEAQP,TISTPPSGTEKKTAAGEAPSQPGASS
SKEKTAEAQP,TSSTPPSGKEKKTAAGEAPSQPGASS
IKEKTAEAQP,TISTPPSGKEKKTAAGEAPSQPGASS
STDKTAEAQP,TSSTPPSGTDKKTAAGEAPSQPGASS
ITDKTAEAQP,TISTPPSGTDKKTAAGEAPSQPGASS
SKDKTAEAQP,TSSTPPSGKDKKTAAGEAPSQPGASS
IKDKTAEAQP,TISTPPSGKDKKTAAGEAPSQPGASS
STENPTGAQP,TSSTPPSGTENKPATGGAPSQPGASS
ITENPTGAQP,TISTPPSGTENKPATGGAPSQPGASS
SKENPTGAQP,TSSTPPSGKENKPATGGAPSQPGASS
IKENPTGAQP,TISTPPSGKENKPATGGAPSQPGASS
STDNPTGAQP,TSSTPPSGTDNKPATGGAPSQPGASS
ITDNPTGAQP,TISTPPSGTDNKPATGGAPSQPGASS
SKDNPTGAQP,TSSTPPSGKDNKPATGGAPSQPGASS
IKDNPTGAQP,TISTPPSGKDNKPATGGAPSQPGASS
STEKPTGAQP,TSSTPPSGTEKKPATGGAPSQPGASS
ITEKPTGAQP,TISTPPSGTEKKPATGGAPSQPGASS
SKEKPTGAQP,TSSTPPSGKEKKPATGGAPSQPGASS
IKEKPTGAQP,TISTPPSGKEKKPATGGAPSQPGASS
STDKPTGAQP,TSSTPPSGTDKKPATGGAPSQPGASS
ITDKPTGAQP,TISTPPSGTDKKPATGGAPSQPGASS
SKDKPTGAQP,TSSTPPSGKDKKPATGGAPSQPGASS
IKDKPTGAQP,TISTPPSGKDKKPATGGAPSQPGASS
STENATGAQP,TSSTPPSGTENKAATGGAPSQPGASS
ITENATGAQP,TISTPPSGTENKAATGGAPSQPGASS
SKENATGAQP,TSSTPPSGKENKAATGGAPSQPGASS
IKENATGAQP,TISTPPSGKENKAATGGAPSQPGASS
STDNATGAQP,TSSTPPSGTDNKAATGGAPSQPGASS
ITDNATGAQP,TISTPPSGTDNKAATGGAPSQPGASS
SKDNATGAQP,TSSTPPSGKDNKAATGGAPSQPGASS
IKDNATGAQP,TISTPPSGKDNKAATGGAPSQPGASS
STEKATGAQP,TSSTPPSGTEKKAATGGAPSQPGASS
ITEKATGAQP,TISTPPSGTEKKAATGGAPSQPGASS
SKEKATGAQP,TSSTPPSGKEKKAATGGAPSQPGASS
IKEKATGAQP,TISTPPSGKEKKAATGGAPSQPGASS
STDKATGAQP,TSSTPPSGTDKKAATGGAPSQPGASS
ITDKATGAQP,TISTPPSGTDKKAATGGAPSQPGASS
SKDKATGAQP,TSSTPPSGKDKKAATGGAPSQPGASS
IKDKATGAQP,TISTPPSGKDKKAATGGAPSQPGASS
STENTTGAQP,TSSTPPSGTENKTATGGAPSQPGASS
ITENTTGAQP,TISTPPSGTENKTATGGAPSQPGASS
SKENTTGAQP,TSSTPPSGKENKTATGGAPSQPGASS
IKENTTGAQP,TISTPPSGKENKTATGGAPSQPGASS
STDNTTGAQP,TSSTPPSGTDNKTATGGAPSQPGASS
ITDNTTGAQP,TISTPPSGTDNKTATGGAPSQPGASS
SKDNTTGAQP,TSSTPPSGKDNKTATGGAPSQPGASS
IKDNTTGAQP,TISTPPSGKDNKTATGGAPSQPGASS
STEKTTGAQP,TSSTPPSGTEKKTATGGAPSQPGASS
ITEKTTGAQP,TISTPPSGTEKKTATGGAPSQPGASS
SKEKTTGAQP,TSSTPPSGKEKKTATGGAPSQPGASS
IKEKTTGAQP,TISTPPSGKEKKTATGGAPSQPGASS
STDKTTGAQP,TSSTPPSGTDKKTATGGAPSQPGASS
ITDKTTGAQP,TISTPPSGTDKKTATGGAPSQPGASS
SKDKTTGAQP,TSSTPPSGKDKKTATGGAPSQPGASS
IKDKTTGAQP,TISTPPSGKDKKTATGGAPSQPGASS
STENPAGAQP,TSSTPPSGTENKPAAGGAPSQPGASS
ITENPAGAQP,TISTPPSGTENKPAAGGAPSQPGASS
SKENPAGAQP,TSSTPPSGKENKPAAGGAPSQPGASS
IKENPAGAQP,TISTPPSGKENKPAAGGAPSQPGASS
STDNPAGAQP,TSSTPPSGTDNKPAAGGAPSQPGASS
ITDNPAGAQP,TISTPPSGTDNKPAAGGAPSQPGASS
SKDNPAGAQP,TSSTPPSGKDNKPAAGGAPSQPGASS
IKDNPAGAQP,TISTPPSGKDNKPAAGGAPSQPGASS
STEKPAGAQP,TSSTPPSGTEKKPAAGGAPSQPGASS
ITEKPAGAQP,TISTPPSGTEKKPAAGGAPSQPGASS
SKEKPAGAQP,TSSTPPSGKEKKPAAGGAPSQPGASS
IKEKPAGAQP,TISTPPSGKEKKPAAGGAPSQPGASS
STDKPAGAQP,TSSTPPSGTDKKPAAGGAPSQPGASS
ITDKPAGAQP,TISTPPSGTDKKPAAGGAPSQPGASS
SKDKPAGAQP,TSSTPPSGKDKKPAAGGAPSQPGASS
IKDKPAGAQP,TISTPPSGKDKKPAAGGAPSQPGASS
STENAAGAQP,TSSTPPSGTENKAAAGGAPSQPGASS
ITENAAGAQP,TISTPPSGTENKAAAGGAPSQPGASS
SKENAAGAQP,TSSTPPSGKENKAAAGGAPSQPGASS
IKENAAGAQP,TISTPPSGKENKAAAGGAPSQPGASS
STDNAAGAQP,TSSTPPSGTDNKAAAGGAPSQPGASS
ITDNAAGAQP,TISTPPSGTDNKAAAGGAPSQPGASS
SKDNAAGAQP,TSSTPPSGKDNKAAAGGAPSQPGASS
IKDNAAGAQP,TISTPPSGKDNKAAAGGAPSQPGASS
STEKAAGAQP,TSSTPPSGTEKKAAAGGAPSQPGASS
ITEKAAGAQP,TISTPPSGTEKKAAAGGAPSQPGASS
SKEKAAGAQP,TSSTPPSGKEKKAAAGGAPSQPGASS
IKEKAAGAQP,TISTPPSGKEKKAAAGGAPSQPGASS
STDKAAGAQP,TSSTPPSGTDKKAAAGGAPSQPGASS
ITDKAAGAQP,TISTPPSGTDKKAAAGGAPSQPGASS
SKDKAAGAQP,TSSTPPSGKDKKAAAGGAPSQPGASS
IKDKAAGAQP,TISTPPSGKDKKAAAGGAPSQPGASS
STENTAGAQP,TSSTPPSGTENKTAAGGAPSQPGASS
ITENTAGAQP,TISTPPSGTENKTAAGGAPSQPGASS
SKENTAGAQP,TSSTPPSGKENKTAAGGAPSQPGASS
IKENTAGAQP,TISTPPSGKENKTAAGGAPSQPGASS
STDNTAGAQP,TSSTPPSGTDNKTAAGGAPSQPGASS
ITDNTAGAQP,TISTPPSGTDNKTAAGGAPSQPGASS
SKDNTAGAQP,TSSTPPSGKDNKTAAGGAPSQPGASS
IKDNTAGAQP,TISTPPSGKDNKTAAGGAPSQPGASS
STEKTAGAQP,TSSTPPSGTEKKTAAGGAPSQPGASS
ITEKTAGAQP,TISTPPSGTEKKTAAGGAPSQPGASS
SKEKTAGAQP,TSSTPPSGKEKKTAAGGAPSQPGASS
IKEKTAGAQP,TISTPPSGKEKKTAAGGAPSQPGASS
STDKTAGAQP,TSSTPPSGTDKKTAAGGAPSQPGASS
ITDKTAGAQP,TISTPPSGTDKKTAAGGAPSQPGASS
SKDKTAGAQP,TSSTPPSGKDKKTAAGGAPSQPGASS
IKDKTAGAQP,TISTPPSGKDKKTAAGGAPSQPGASS
STENPTETQP,TSSTPPSGTENKPATGETPSQPGASS
ITENPTETQP,TISTPPSGTENKPATGETPSQPGASS
SKENPTETQP,TSSTPPSGKENKPATGETPSQPGASS
IKENPTETQP,TISTPPSGKENKPATGETPSQPGASS
STDNPTETQP,TSSTPPSGTDNKPATGETPSQPGASS
ITDNPTETQP,TISTPPSGTDNKPATGETPSQPGASS
SKDNPTETQP,TSSTPPSGKDNKPATGETPSQPGASS
IKDNPTETQP,TISTPPSGKDNKPATGETPSQPGASS
STEKPTETQP,TSSTPPSGTEKKPATGETPSQPGASS
ITEKPTETQP,TISTPPSGTEKKPATGETPSQPGASS
SKEKPTETQP,TSSTPPSGKEKKPATGETPSQPGASS
IKEKPTETQP,TISTPPSGKEKKPATGETPSQPGASS
STDKPTETQP,TSSTPPSGTDKKPATGETPSQPGASS
ITDKPTETQP,TISTPPSGTDKKPATGETPSQPGASS
SKDKPTETQP,TSSTPPSGKDKKPATGETPSQPGASS
IKDKPTETQP,TISTPPSGKDKKPATGETPSQPGASS
STENATETQP,TSSTPPSGTENKAATGETPSQPGASS
ITENATETQP,TISTPPSGTENKAATGETPSQPGASS
SKENATETQP,TSSTPPSGKENKAATGETPSQPGASS
IKENATETQP,TISTPPSGKENKAATGETPSQPGASS
STDNATETQP,TSSTPPSGTDNKAATGETPSQPGASS
ITDNATETQP,TISTPPSGTDNKAATGETPSQPGASS
SKDNATETQP,TSSTPPSGKDNKAATGETPSQPGASS
IKDNATETQP,TISTPPSGKDNKAATGETPSQPGASS
STEKATETQP,TSSTPPSGTEKKAATGETPSQPGASS
ITEKATETQP,TISTPPSGTEKKAATGETPSQPGASS
SKEKATETQP,TSSTPPSGKEKKAATGETPSQPGASS
IKEKATETQP,TISTPPSGKEKKAATGETPSQPGASS
STDKATETQP,TSSTPPSGTDKKAATGETPSQPGASS
ITDKATETQP,TISTPPSGTDKKAATGETPSQPGASS
SKDKATETQP,TSSTPPSGKDKKAATGETPSQPGASS
IKDKATETQP,TISTPPSGKDKKAATGETPSQPGASS
STENTTETQP,TSSTPPSGTENKTATGETPSQPGASS
ITENTTETQP,TISTPPSGTENKTATGETPSQPGASS
SKENTTETQP,TSSTPPSGKENKTATGETPSQPGASS
IKENTTETQP,TISTPPSGKENKTATGETPSQPGASS
STDNTTETQP,TSSTPPSGTDNKTATGETPSQPGASS
ITDNTTETQP,TISTPPSGTDNKTATGETPSQPGASS
SKDNTTETQP,TSSTPPSGKDNKTATGETPSQPGASS
IKDNTTETQP,TISTPPSGKDNKTATGETPSQPGASS
STEKTTETQP,TSSTPPSGTEKKTATGETPSQPGASS
ITEKTTETQP,TISTPPSGTEKKTATGETPSQPGASS
SKEKTTETQP,TSSTPPSGKEKKTATGETPSQPGASS
IKEKTTETQP,TISTPPSGKEKKTATGETPSQPGASS
STDKTTETQP,TSSTPPSGTDKKTATGETPSQPGASS
ITDKTTETQP,TISTPPSGTDKKTATGETPSQPGASS
SKDKTTETQP,TSSTPPSGKDKKTATGETPSQPGASS
IKDKTTETQP,TISTPPSGKDKKTATGETPSQPGASS
STENPAETQP,TSSTPPSGTENKPAAGETPSQPGASS
ITENPAETQP,TISTPPSGTENKPAAGETPSQPGASS
SKENPAETQP,TSSTPPSGKENKPAAGETPSQPGASS
IKENPAETQP,TISTPPSGKENKPAAGETPSQPGASS
STDNPAETQP,TSSTPPSGTDNKPAAGETPSQPGASS
ITDNPAETQP,TISTPPSGTDNKPAAGETPSQPGASS
SKDNPAETQP,TSSTPPSGKDNKPAAGETPSQPGASS
IKDNPAETQP,TISTPPSGKDNKPAAGETPSQPGASS
STEKPAETQP,TSSTPPSGTEKKPAAGETPSQPGASS
ITEKPAETQP,TISTPPSGTEKKPAAGETPSQPGASS
SKEKPAETQP,TSSTPPSGKEKKPAAGETPSQPGASS
IKEKPAETQP,TISTPPSGKEKKPAAGETPSQPGASS
STDKPAETQP,TSSTPPSGTDKKPAAGETPSQPGASS
ITDKPAETQP,TISTPPSGTDKKPAAGETPSQPGASS
SKDKPAETQP,TSSTPPSGKDKKPAAGETPSQPGASS
IKDKPAETQP,TISTPPSGKDKKPAAGETPSQPGASS
STENAAETQP,TSSTPPSGTENKAAAGETPSQPGASS
ITENAAETQP,TISTPPSGTENKAAAGETPSQPGASS
SKENAAETQP,TSSTPPSGKENKAAAGETPSQPGASS
IKENAAETQP,TISTPPSGKENKAAAGETPSQPGASS
STDNAAETQP,TSSTPPSGTDNKAAAGETPSQPGASS
ITDNAAETQP,TISTPPSGTDNKAAAGETPSQPGASS
SKDNAAETQP,TSSTPPSGKDNKAAAGETPSQPGASS
IKDNAAETQP,TISTPPSGKDNKAAAGETPSQPGASS
STEKAAETQP,TSSTPPSGTEKKAAAGETPSQPGASS
ITEKAAETQP,TISTPPSGTEKKAAAGETPSQPGASS
SKEKAAETQP,TSSTPPSGKEKKAAAGETPSQPGASS
IKEKAAETQP,TISTPPSGKEKKAAAGETPSQPGASS
STDKAAETQP,TSSTPPSGTDKKAAAGETPSQPGASS
ITDKAAETQP,TISTPPSGTDKKAAAGETPSQPGASS
SKDKAAETQP,TSSTPPSGKDKKAAAGETPSQPGASS
IKDKAAETQP,TISTPPSGKDKKAAAGETPSQPGASS
STENTAETQP,TSSTPPSGTENKTAAGETPSQPGASS
ITENTAETQP,TISTPPSGTENKTAAGETPSQPGASS
SKENTAETQP,TSSTPPSGKENKTAAGETPSQPGASS
IKENTAETQP,TISTPPSGKENKTAAGETPSQPGASS
STDNTAETQP,TSSTPPSGTDNKTAAGETPSQPGASS
ITDNTAETQP,TISTPPSGTDNKTAAGETPSQPGASS
SKDNTAETQP,TSSTPPSGKDNKTAAGETPSQPGASS
IKDNTAETQP,TISTPPSGKDNKTAAGETPSQPGASS
STEKTAETQP,TSSTPPSGTEKKTAAGETPSQPGASS
ITEKTAETQP,TISTPPSGTEKKTAAGETPSQPGASS
SKEKTAETQP,TSSTPPSGKEKKTAAGETPSQPGASS
IKEKTAETQP,TISTPPSGKEKKTAAGETPSQPGASS
STDKTAETQP,TSSTPPSGTDKKTAAGETPSQPGASS
ITDKTAETQP,TISTPPSGTDKKTAAGETPSQPGASS
SKDKTAETQP,TSSTPPSGKDKKTAAGETPSQPGASS
IKDKTAETQP,TISTPPSGKDKKTAAGETPSQPGASS
STENPTGTQP,TSSTPPSGTENKPATGGTPSQPGASS
ITENPTGTQP,TISTPPSGTENKPATGGTPSQPGASS
SKENPTGTQP,TSSTPPSGKENKPATGGTPSQPGASS
IKENPTGTQP,TISTPPSGKENKPATGGTPSQPGASS
STDNPTGTQP,TSSTPPSGTDNKPATGGTPSQPGASS
ITDNPTGTQP,TISTPPSGTDNKPATGGTPSQPGASS
SKDNPTGTQP,TSSTPPSGKDNKPATGGTPSQPGASS
IKDNPTGTQP,TISTPPSGKDNKPATGGTPSQPGASS
STEKPTGTQP,TSSTPPSGTEKKPATGGTPSQPGASS
ITEKPTGTQP,TISTPPSGTEKKPATGGTPSQPGASS
SKEKPTGTQP,TSSTPPSGKEKKPATGGTPSQPGASS
IKEKPTGTQP,TISTPPSGKEKKPATGGTPSQPGASS
STDKPTGTQP,TSSTPPSGTDKKPATGGTPSQPGASS
ITDKPTGTQP,TISTPPSGTDKKPATGGTPSQPGASS
SKDKPTGTQP,TSSTPPSGKDKKPATGGTPSQPGASS
IKDKPTGTQP,TISTPPSGKDKKPATGGTPSQPGASS
STENATGTQP,TSSTPPSGTENKAATGGTPSQPGASS
ITENATGTQP,TISTPPSGTENKAATGGTPSQPGASS
SKENATGTQP,TSSTPPSGKENKAATGGTPSQPGASS
IKENATGTQP,TISTPPSGKENKAATGGTPSQPGASS
STDNATGTQP,TSSTPPSGTDNKAATGGTPSQPGASS
ITDNATGTQP,TISTPPSGTDNKAATGGTPSQPGASS
SKDNATGTQP,TSSTPPSGKDNKAATGGTPSQPGASS
IKDNATGTQP,TISTPPSGKDNKAATGGTPSQPGASS
STEKATGTQP,TSSTPPSGTEKKAATGGTPSQPGASS
ITEKATGTQP,TISTPPSGTEKKAATGGTPSQPGASS
SKEKATGTQP,TSSTPPSGKEKKAATGGTPSQPGASS
IKEKATGTQP,TISTPPSGKEKKAATGGTPSQPGASS
STDKATGTQP,TSSTPPSGTDKKAATGGTPSQPGASS
ITDKATGTQP,TISTPPSGTDKKAATGGTPSQPGASS
SKDKATGTQP,TSSTPPSGKDKKAATGGTPSQPGASS
IKDKATGTQP,TISTPPSGKDKKAATGGTPSQPGASS
STENTTGTQP,TSSTPPSGTENKTATGGTPSQPGASS
ITENTTGTQP,TISTPPSGTENKTATGGTPSQPGASS
SKENTTGTQP,TSSTPPSGKENKTATGGTPSQPGASS
IKENTTGTQP,TISTPPSGKENKTATGGTPSQPGASS
STDNTTGTQP,TSSTPPSGTDNKTATGGTPSQPGASS
ITDNTTGTQP,TISTPPSGTDNKTATGGTPSQPGASS
SKDNTTGTQP,TSSTPPSGKDNKTATGGTPSQPGASS
IKDNTTGTQP,TISTPPSGKDNKTATGGTPSQPGASS
STEKTTGTQP,TSSTPPSGTEKKTATGGTPSQPGASS
ITEKTTGTQP,TISTPPSGTEKKTATGGTPSQPGASS
SKEKTTGTQP,TSSTPPSGKEKKTATGGTPSQPGASS
IKEKTTGTQP,TISTPPSGKEKKTATGGTPSQPGASS
STDKTTGTQP,TSSTPPSGTDKKTATGGTPSQPGASS
ITDKTTGTQP,TISTPPSGTDKKTATGGTPSQPGASS
SKDKTTGTQP,TSSTPPSGKDKKTATGGTPSQPGASS
IKDKTTGTQP,TISTPPSGKDKKTATGGTPSQPGASS
STENPAGTQP,TSSTPPSGTENKPAAGGTPSQPGASS
ITENPAGTQP,TISTPPSGTENKPAAGGTPSQPGASS
SKENPAGTQP,TSSTPPSGKENKPAAGGTPSQPGASS
IKENPAGTQP,TISTPPSGKENKPAAGGTPSQPGASS
STDNPAGTQP,TSSTPPSGTDNKPAAGGTPSQPGASS
ITDNPAGTQP,TISTPPSGTDNKPAAGGTPSQPGASS
SKDNPAGTQP,TSSTPPSGKDNKPAAGGTPSQPGASS
IKDNPAGTQP,TISTPPSGKDNKPAAGGTPSQPGASS
STEKPAGTQP,TSSTPPSGTEKKPAAGGTPSQPGASS
ITEKPAGTQP,TISTPPSGTEKKPAAGGTPSQPGASS
SKEKPAGTQP,TSSTPPSGKEKKPAAGGTPSQPGASS
IKEKPAGTQP,TISTPPSGKEKKPAAGGTPSQPGASS
STDKPAGTQP,TSSTPPSGTDKKPAAGGTPSQPGASS
ITDKPAGTQP,TISTPPSGTDKKPAAGGTPSQPGASS
SKDKPAGTQP,TSSTPPSGKDKKPAAGGTPSQPGASS
IKDKPAGTQP,TISTPPSGKDKKPAAGGTPSQPGASS
STENAAGTQP,TSSTPPSGTENKAAAGGTPSQPGASS
ITENAAGTQP,TISTPPSGTENKAAAGGTPSQPGASS
SKENAAGTQP,TSSTPPSGKENKAAAGGTPSQPGASS
IKENAAGTQP,TISTPPSGKENKAAAGGTPSQPGASS
STDNAAGTQP,TSSTPPSGTDNKAAAGGTPSQPGASS
ITDNAAGTQP,TISTPPSGTDNKAAAGGTPSQPGASS
SKDNAAGTQP,TSSTPPSGKDNKAAAGGTPSQPGASS
IKDNAAGTQP,TISTPPSGKDNKAAAGGTPSQPGASS
STEKAAGTQP,TSSTPPSGTEKKAAAGGTPSQPGASS
ITEKAAGTQP,TISTPPSGTEKKAAAGGTPSQPGASS
SKEKAAGTQP,TSSTPPSGKEKKAAAGGTPSQPGASS
IKEKAAGTQP,TISTPPSGKEKKAAAGGTPSQPGASS
STDKAAGTQP,TSSTPPSGTDKKAAAGGTPSQPGASS
ITDKAAGTQP,TISTPPSGTDKKAAAGGTPSQPGASS
SKDKAAGTQP,TSSTPPSGKDKKAAAGGTPSQPGASS
IKDKAAGTQP,TISTPPSGKDKKAAAGGTPSQPGASS
STENTAGTQP,TSSTPPSGTENKTAAGGTPSQPGASS
ITENTAGTQP,TISTPPSGTENKTAAGGTPSQPGASS
SKENTAGTQP,TSSTPPSGKENKTAAGGTPSQPGASS
IKENTAGTQP,TISTPPSGKENKTAAGGTPSQPGASS
STDNTAGTQP,TSSTPPSGTDNKTAAGGTPSQPGASS
ITDNTAGTQP,TISTPPSGTDNKTAAGGTPSQPGASS
SKDNTAGTQP,TSSTPPSGKDNKTAAGGTPSQPGASS
IKDNTAGTQP,TISTPPSGKDNKTAAGGTPSQPGASS
STEKTAGTQP,TSSTPPSGTEKKTAAGGTPSQPGASS
ITEKTAGTQP,TISTPPSGTEKKTAAGGTPSQPGASS
SKEKTAGTQP,TSSTPPSGKEKKTAAGGTPSQPGASS
IKEKTAGTQP,TISTPPSGKEKKTAAGGTPSQPGASS
STDKTAGTQP,TSSTPPSGTDKKTAAGGTPSQPGASS
ITDKTAGTQP,TISTPPSGTDKKTAAGGTPSQPGASS
SKDKTAGTQP,TSSTPPSGKDKKTAAGGTPSQPGASS
IKDKTAGTQP,TISTPPSGKDKKTAAGGTPSQPGASS
STENPTEAPP,TSSTPPSGTENKPATGEAPSPPGASS
ITENPTEAPP,TISTPPSGTENKPATGEAPSPPGASS
SKENPTEAPP,TSSTPPSGKENKPATGEAPSPPGASS
IKENPTEAPP,TISTPPSGKENKPATGEAPSPPGASS
STDNPTEAPP,TSSTPPSGTDNKPATGEAPSPPGASS
ITDNPTEAPP,TISTPPSGTDNKPATGEAPSPPGASS
SKDNPTEAPP,TSSTPPSGKDNKPATGEAPSPPGASS
IKDNPTEAPP,TISTPPSGKDNKPATGEAPSPPGASS
STEKPTEAPP,TSSTPPSGTEKKPATGEAPSPPGASS
ITEKPTEAPP,TISTPPSGTEKKPATGEAPSPPGASS
SKEKPTEAPP,TSSTPPSGKEKKPATGEAPSPPGASS
IKEKPTEAPP,TISTPPSGKEKKPATGEAPSPPGASS
STDKPTEAPP,TSSTPPSGTDKKPATGEAPSPPGASS
ITDKPTEAPP,TISTPPSGTDKKPATGEAPSPPGASS
SKDKPTEAPP,TSSTPPSGKDKKPATGEAPSPPGASS
IKDKPTEAPP,TISTPPSGKDKKPATGEAPSPPGASS
STENATEAPP,TSSTPPSGTENKAATGEAPSPPGASS
ITENATEAPP,TISTPPSGTENKAATGEAPSPPGASS
SKENATEAPP,TSSTPPSGKENKAATGEAPSPPGASS
IKENATEAPP,TISTPPSGKENKAATGEAPSPPGASS
STDNATEAPP,TSSTPPSGTDNKAATGEAPSPPGASS
ITDNATEAPP,TISTPPSGTDNKAATGEAPSPPGASS
SKDNATEAPP,TSSTPPSGKDNKAATGEAPSPPGASS
IKDNATEAPP,TISTPPSGKDNKAATGEAPSPPGASS
STEKATEAPP,TSSTPPSGTEKKAATGEAPSPPGASS
ITEKATEAPP,TISTPPSGTEKKAATGEAPSPPGASS
SKEKATEAPP,TSSTPPSGKEKKAATGEAPSPPGASS
IKEKATEAPP,TISTPPSGKEKKAATGEAPSPPGASS
STDKATEAPP,TSSTPPSGTDKKAATGEAPSPPGASS
ITDKATEAPP,TISTPPSGTDKKAATGEAPSPPGASS
SKDKATEAPP,TSSTPPSGKDKKAATGEAPSPPGASS
IKDKATEAPP,TISTPPSGKDKKAATGEAPSPPGASS
STENTTEAPP,TSSTPPSGTENKTATGEAPSPPGASS
ITENTTEAPP,TISTPPSGTENKTATGEAPSPPGASS
SKENTTEAPP,TSSTPPSGKENKTATGEAPSPPGASS
IKENTTEAPP,TISTPPSGKENKTATGEAPSPPGASS
STDNTTEAPP,TSSTPPSGTDNKTATGEAPSPPGASS
ITDNTTEAPP,TISTPPSGTDNKTATGEAPSPPGASS
SKDNTTEAPP,TSSTPPSGKDNKTATGEAPSPPGASS
IKDNTTEAPP,TISTPPSGKDNKTATGEAPSPPGASS
STEKTTEAPP,TSSTPPSGTEKKTATGEAPSPPGASS
ITEKTTEAPP,TISTPPSGTEKKTATGEAPSPPGASS
SKEKTTEAPP,TSSTPPSGKEKKTATGEAPSPPGASS
IKEKTTEAPP,TISTPPSGKEKKTATGEAPSPPGASS
STDKTTEAPP,TSSTPPSGTDKKTATGEAPSPPGASS
ITDKTTEAPP,TISTPPSGTDKKTATGEAPSPPGASS
SKDKTTEAPP,TSSTPPSGKDKKTATGEAPSPPGASS
IKDKTTEAPP,TISTPPSGKDKKTATGEAPSPPGASS
STENPAEAPP,TSSTPPSGTENKPAAGEAPSPPGASS
ITENPAEAPP,TISTPPSGTENKPAAGEAPSPPGASS
SKENPAEAPP,TSSTPPSGKENKPAAGEAPSPPGASS
IKENPAEAPP,TISTPPSGKENKPAAGEAPSPPGASS
STDNPAEAPP,TSSTPPSGTDNKPAAGEAPSPPGASS
ITDNPAEAPP,TISTPPSGTDNKPAAGEAPSPPGASS
SKDNPAEAPP,TSSTPPSGKDNKPAAGEAPSPPGASS
IKDNPAEAPP,TISTPPSGKDNKPAAGEAPSPPGASS
STEKPAEAPP,TSSTPPSGTEKKPAAGEAPSPPGASS
ITEKPAEAPP,TISTPPSGTEKKPAAGEAPSPPGASS
SKEKPAEAPP,TSSTPPSGKEKKPAAGEAPSPPGASS
IKEKPAEAPP,TISTPPSGKEKKPAAGEAPSPPGASS
STDKPAEAPP,TSSTPPSGTDKKPAAGEAPSPPGASS
ITDKPAEAPP,TISTPPSGTDKKPAAGEAPSPPGASS
SKDKPAEAPP,TSSTPPSGKDKKPAAGEAPSPPGASS
IKDKPAEAPP,TISTPPSGKDKKPAAGEAPSPPGASS
STENAAEAPP,TSSTPPSGTENKAAAGEAPSPPGASS
ITENAAEAPP,TISTPPSGTENKAAAGEAPSPPGASS
SKENAAEAPP,TSSTPPSGKENKAAAGEAPSPPGASS
IKENAAEAPP,TISTPPSGKENKAAAGEAPSPPGASS
STDNAAEAPP,TSSTPPSGTDNKAAAGEAPSPPGASS
ITDNAAEAPP,TISTPPSGTDNKAAAGEAPSPPGASS
SKDNAAEAPP,TSSTPPSGKDNKAAAGEAPSPPGASS
IKDNAAEAPP,TISTPPSGKDNKAAAGEAPSPPGASS
STEKAAEAPP,TSSTPPSGTEKKAAAGEAPSPPGASS
ITEKAAEAPP,TISTPPSGTEKKAAAGEAPSPPGASS
SKEKAAEAPP,TSSTPPSGKEKKAAAGEAPSPPGASS
IKEKAAEAPP,TISTPPSGKEKKAAAGEAPSPPGASS
STDKAAEAPP,TSSTPPSGTDKKAAAGEAPSPPGASS
ITDKAAEAPP,TISTPPSGTDKKAAAGEAPSPPGASS
SKDKAAEAPP,TSSTPPSGKDKKAAAGEAPSPPGASS
IKDKAAEAPP,TISTPPSGKDKKAAAGEAPSPPGASS
STENTAEAPP,TSSTPPSGTENKTAAGEAPSPPGASS
ITENTAEAPP,TISTPPSGTENKTAAGEAPSPPGASS
SKENTAEAPP,TSSTPPSGKENKTAAGEAPSPPGASS
IKENTAEAPP,TISTPPSGKENKTAAGEAPSPPGASS
STDNTAEAPP,TSSTPPSGTDNKTAAGEAPSPPGASS
ITDNTAEAPP,TISTPPSGTDNKTAAGEAPSPPGASS
SKDNTAEAPP,TSSTPPSGKDNKTAAGEAPSPPGASS
IKDNTAEAPP,TISTPPSGKDNKTAAGEAPSPPGASS
STEKTAEAPP,TSSTPPSGTEKKTAAGEAPSPPGASS
ITEKTAEAPP,TISTPPSGTEKKTAAGEAPSPPGASS
SKEKTAEAPP,TSSTPPSGKEKKTAAGEAPSPPGASS
IKEKTAEAPP,TISTPPSGKEKKTAAGEAPSPPGASS
STDKTAEAPP,TSSTPPSGTDKKTAAGEAPSPPGASS
ITDKTAEAPP,TISTPPSGTDKKTAAGEAPSPPGASS
SKDKTAEAPP,TSSTPPSGKDKKTAAGEAPSPPGASS
IKDKTAEAPP,TISTPPSGKDKKTAAGEAPSPPGASS
STENPTGAPP,TSSTPPSGTENKPATGGAPSPPGASS
ITENPTGAPP,TISTPPSGTENKPATGGAPSPPGASS
SKENPTGAPP,TSSTPPSGKENKPATGGAPSPPGASS
IKENPTGAPP,TISTPPSGKENKPATGGAPSPPGASS
STDNPTGAPP,TSSTPPSGTDNKPATGGAPSPPGASS
ITDNPTGAPP,TISTPPSGTDNKPATGGAPSPPGASS
SKDNPTGAPP,TSSTPPSGKDNKPATGGAPSPPGASS
IKDNPTGAPP,TISTPPSGKDNKPATGGAPSPPGASS
STEKPTGAPP,TSSTPPSGTEKKPATGGAPSPPGASS
ITEKPTGAPP,TISTPPSGTEKKPATGGAPSPPGASS
SKEKPTGAPP,TSSTPPSGKEKKPATGGAPSPPGASS
IKEKPTGAPP,TISTPPSGKEKKPATGGAPSPPGASS
STDKPTGAPP,TSSTPPSGTDKKPATGGAPSPPGASS
ITDKPTGAPP,TISTPPSGTDKKPATGGAPSPPGASS
SKDKPTGAPP,TSSTPPSGKDKKPATGGAPSPPGASS
IKDKPTGAPP,TISTPPSGKDKKPATGGAPSPPGASS
STENATGAPP,TSSTPPSGTENKAATGGAPSPPGASS
ITENATGAPP,TISTPPSGTENKAATGGAPSPPGASS
SKENATGAPP,TSSTPPSGKENKAATGGAPSPPGASS
IKENATGAPP,TISTPPSGKENKAATGGAPSPPGASS
STDNATGAPP,TSSTPPSGTDNKAATGGAPSPPGASS
ITDNATGAPP,TISTPPSGTDNKAATGGAPSPPGASS
SKDNATGAPP,TSSTPPSGKDNKAATGGAPSPPGASS
IKDNATGAPP,TISTPPSGKDNKAATGGAPSPPGASS
STEKATGAPP,TSSTPPSGTEKKAATGGAPSPPGASS
ITEKATGAPP,TISTPPSGTEKKAATGGAPSPPGASS
SKEKATGAPP,TSSTPPSGKEKKAATGGAPSPPGASS
IKEKATGAPP,TISTPPSGKEKKAATGGAPSPPGASS
STDKATGAPP,TSSTPPSGTDKKAATGGAPSPPGASS
ITDKATGAPP,TISTPPSGTDKKAATGGAPSPPGASS
SKDKATGAPP,TSSTPPSGKDKKAATGGAPSPPGASS
IKDKATGAPP,TISTPPSGKDKKAATGGAPSPPGASS
STENTTGAPP,TSSTPPSGTENKTATGGAPSPPGASS
ITENTTGAPP,TISTPPSGTENKTATGGAPSPPGASS
SKENTTGAPP,TSSTPPSGKENKTATGGAPSPPGASS
IKENTTGAPP,TISTPPSGKENKTATGGAPSPPGASS
STDNTTGAPP,TSSTPPSGTDNKTATGGAPSPPGASS
ITDNTTGAPP,TISTPPSGTDNKTATGGAPSPPGASS
SKDNTTGAPP,TSSTPPSGKDNKTATGGAPSPPGASS
IKDNTTGAPP,TISTPPSGKDNKTATGGAPSPPGASS
STEKTTGAPP,TSSTPPSGTEKKTATGGAPSPPGASS
ITEKTTGAPP,TISTPPSGTEKKTATGGAPSPPGASS
SKEKTTGAPP,TSSTPPSGKEKKTATGGAPSPPGASS
IKEKTTGAPP,TISTPPSGKEKKTATGGAPSPPGASS
STDKTTGAPP,TSSTPPSGTDKKTATGGAPSPPGASS
ITDKTTGAPP,TISTPPSGTDKKTATGGAPSPPGASS
SKDKTTGAPP,TSSTPPSGKDKKTATGGAPSPPGASS
IKDKTTGAPP,TISTPPSGKDKKTATGGAPSPPGASS
STENPAGAPP,TSSTPPSGTENKPAAGGAPSPPGASS
ITENPAGAPP,TISTPPSGTENKPAAGGAPSPPGASS
SKENPAGAPP,TSSTPPSGKENKPAAGGAPSPPGASS
IKENPAGAPP,TISTPPSGKENKPAAGGAPSPPGASS
STDNPAGAPP,TSSTPPSGTDNKPAAGGAPSPPGASS
ITDNPAGAPP,TISTPPSGTDNKPAAGGAPSPPGASS
SKDNPAGAPP,TSSTPPSGKDNKPAAGGAPSPPGASS
IKDNPAGAPP,TISTPPSGKDNKPAAGGAPSPPGASS
STEKPAGAPP,TSSTPPSGTEKKPAAGGAPSPPGASS
ITEKPAGAPP,TISTPPSGTEKKPAAGGAPSPPGASS
SKEKPAGAPP,TSSTPPSGKEKKPAAGGAPSPPGASS
IKEKPAGAPP,TISTPPSGKEKKPAAGGAPSPPGASS
STDKPAGAPP,TSSTPPSGTDKKPAAGGAPSPPGASS
ITDKPAGAPP,TISTPPSGTDKKPAAGGAPSPPGASS
SKDKPAGAPP,TSSTPPSGKDKKPAAGGAPSPPGASS
IKDKPAGAPP,TISTPPSGKDKKPAAGGAPSPPGASS
STENAAGAPP,TSSTPPSGTENKAAAGGAPSPPGASS
ITENAAGAPP,TISTPPSGTENKAAAGGAPSPPGASS
SKENAAGAPP,TSSTPPSGKENKAAAGGAPSPPGASS
IKENAAGAPP,TISTPPSGKENKAAAGGAPSPPGASS
STDNAAGAPP,TSSTPPSGTDNKAAAGGAPSPPGASS
ITDNAAGAPP,TISTPPSGTDNKAAAGGAPSPPGASS
SKDNAAGAPP,TSSTPPSGKDNKAAAGGAPSPPGASS
IKDNAAGAPP,TISTPPSGKDNKAAAGGAPSPPGASS
STEKAAGAPP,TSSTPPSGTEKKAAAGGAPSPPGASS
ITEKAAGAPP,TISTPPSGTEKKAAAGGAPSPPGASS
SKEKAAGAPP,TSSTPPSGKEKKAAAGGAPSPPGASS
IKEKAAGAPP,TISTPPSGKEKKAAAGGAPSPPGASS
STDKAAGAPP,TSSTPPSGTDKKAAAGGAPSPPGASS
ITDKAAGAPP,TISTPPSGTDKKAAAGGAPSPPGASS
SKDKAAGAPP,TSSTPPSGKDKKAAAGGAPSPPGASS
IKDKAAGAPP,TISTPPSGKDKKAAAGGAPSPPGASS
STENTAGAPP,TSSTPPSGTENKTAAGGAPSPPGASS
ITENTAGAPP,TISTPPSGTENKTAAGGAPSPPGASS
SKENTAGAPP,TSSTPPSGKENKTAAGGAPSPPGASS
IKENTAGAPP,TISTPPSGKENKTAAGGAPSPPGASS
STDNTAGAPP,TSSTPPSGTDNKTAAGGAPSPPGASS
ITDNTAGAPP,TISTPPSGTDNKTAAGGAPSPPGASS
SKDNTAGAPP,TSSTPPSGKDNKTAAGGAPSPPGASS
IKDNTAGAPP,TISTPPSGKDNKTAAGGAPSPPGASS
STEKTAGAPP,TSSTPPSGTEKKTAAGGAPSPPGASS
ITEKTAGAPP,TISTPPSGTEKKTAAGGAPSPPGASS
SKEKTAGAPP,TSSTPPSGKEKKTAAGGAPSPPGASS
IKEKTAGAPP,TISTPPSGKEKKTAAGGAPSPPGASS
STDKTAGAPP,TSSTPPSGTDKKTAAGGAPSPPGASS
ITDKTAGAPP,TISTPPSGTDKKTAAGGAPSPPGASS
SKDKTAGAPP,TSSTPPSGKDKKTAAGGAPSPPGASS
IKDKTAGAPP,TISTPPSGKDKKTAAGGAPSPPGASS
STENPTETPP,TSSTPPSGTENKPATGETPSPPGASS
ITENPTETPP,TISTPPSGTENKPATGETPSPPGASS
SKENPTETPP,TSSTPPSGKENKPATGETPSPPGASS
IKENPTETPP,TISTPPSGKENKPATGETPSPPGASS
STDNPTETPP,TSSTPPSGTDNKPATGETPSPPGASS
ITDNPTETPP,TISTPPSGTDNKPATGETPSPPGASS
SKDNPTETPP,TSSTPPSGKDNKPATGETPSPPGASS
IKDNPTETPP,TISTPPSGKDNKPATGETPSPPGASS
STEKPTETPP,TSSTPPSGTEKKPATGETPSPPGASS
ITEKPTETPP,TISTPPSGTEKKPATGETPSPPGASS
SKEKPTETPP,TSSTPPSGKEKKPATGETPSPPGASS
IKEKPTETPP,TISTPPSGKEKKPATGETPSPPGASS
STDKPTETPP,TSSTPPSGTDKKPATGETPSPPGASS
ITDKPTETPP,TISTPPSGTDKKPATGETPSPPGASS
SKDKPTETPP,TSSTPPSGKDKKPATGETPSPPGASS
IKDKPTETPP,TISTPPSGKDKKPATGETPSPPGASS
STENATETPP,TSSTPPSGTENKAATGETPSPPGASS
ITENATETPP,TISTPPSGTENKAATGETPSPPGASS
SKENATETPP,TSSTPPSGKENKAATGETPSPPGASS
IKENATETPP,TISTPPSGKENKAATGETPSPPGASS
STDNATETPP,TSSTPPSGTDNKAATGETPSPPGASS
ITDNATETPP,TISTPPSGTDNKAATGETPSPPGASS
SKDNATETPP,TSSTPPSGKDNKAATGETPSPPGASS
IKDNATETPP,TISTPPSGKDNKAATGETPSPPGASS
STEKATETPP,TSSTPPSGTEKKAATGETPSPPGASS
ITEKATETPP,TISTPPSGTEKKAATGETPSPPGASS
SKEKATETPP,TSSTPPSGKEKKAATGETPSPPGASS
IKEKATETPP,TISTPPSGKEKKAATGETPSPPGASS
STDKATETPP,TSSTPPSGTDKKAATGETPSPPGASS
ITDKATETPP,TISTPPSGTDKKAATGETPSPPGASS
SKDKATETPP,TSSTPPSGKDKKAATGETPSPPGASS
IKDKATETPP,TISTPPSGKDKKAATGETPSPPGASS
STENTTETPP,TSSTPPSGTENKTATGETPSPPGASS
ITENTTETPP,TISTPPSGTENKTATGETPSPPGASS
SKENTTETPP,TSSTPPSGKENKTATGETPSPPGASS
IKENTTETPP,TISTPPSGKENKTATGETPSPPGASS
STDNTTETPP,TSSTPPSGTDNKTATGETPSPPGASS
ITDNTTETPP,TISTPPSGTDNKTATGETPSPPGASS
SKDNTTETPP,TSSTPPSGKDNKTATGETPSPPGASS
IKDNTTETPP,TISTPPSGKDNKTATGETPSPPGASS
STEKTTETPP,TSSTPPSGTEKKTATGETPSPPGASS
ITEKTTETPP,TISTPPSGTEKKTATGETPSPPGASS
SKEKTTETPP,TSSTPPSGKEKKTATGETPSPPGASS
IKEKTTETPP,TISTPPSGKEKKTATGETPSPPGASS
STDKTTETPP,TSSTPPSGTDKKTATGETPSPPGASS
ITDKTTETPP,TISTPPSGTDKKTATGETPSPPGASS
SKDKTTETPP,TSSTPPSGKDKKTATGETPSPPGASS
IKDKTTETPP,TISTPPSGKDKKTATGETPSPPGASS
STENPAETPP,TSSTPPSGTENKPAAGETPSPPGASS
ITENPAETPP,TISTPPSGTENKPAAGETPSPPGASS
SKENPAETPP,TSSTPPSGKENKPAAGETPSPPGASS
IKENPAETPP,TISTPPSGKENKPAAGETPSPPGASS
STDNPAETPP,TSSTPPSGTDNKPAAGETPSPPGASS
ITDNPAETPP,TISTPPSGTDNKPAAGETPSPPGASS
SKDNPAETPP,TSSTPPSGKDNKPAAGETPSPPGASS
IKDNPAETPP,TISTPPSGKDNKPAAGETPSPPGASS
STEKPAETPP,TSSTPPSGTEKKPAAGETPSPPGASS
ITEKPAETPP,TISTPPSGTEKKPAAGETPSPPGASS
SKEKPAETPP,TSSTPPSGKEKKPAAGETPSPPGASS
IKEKPAETPP,TISTPPSGKEKKPAAGETPSPPGASS
STDKPAETPP,TSSTPPSGTDKKPAAGETPSPPGASS
ITDKPAETPP,TISTPPSGTDKKPAAGETPSPPGASS
SKDKPAETPP,TSSTPPSGKDKKPAAGETPSPPGASS
IKDKPAETPP,TISTPPSGKDKKPAAGETPSPPGASS
STENAAETPP,TSSTPPSGTENKAAAGETPSPPGASS
ITENAAETPP,TISTPPSGTENKAAAGETPSPPGASS
SKENAAETPP,TSSTPPSGKENKAAAGETPSPPGASS
IKENAAETPP,TISTPPSGKENKAAAGETPSPPGASS
STDNAAETPP,TSSTPPSGTDNKAAAGETPSPPGASS
ITDNAAETPP,TISTPPSGTDNKAAAGETPSPPGASS
SKDNAAETPP,TSSTPPSGKDNKAAAGETPSPPGASS
IKDNAAETPP,TISTPPSGKDNKAAAGETPSPPGASS
STEKAAETPP,TSSTPPSGTEKKAAAGETPSPPGASS
ITEKAAETPP,TISTPPSGTEKKAAAGETPSPPGASS
SKEKAAETPP,TSSTPPSGKEKKAAAGETPSPPGASS
IKEKAAETPP,TISTPPSGKEKKAAAGETPSPPGASS
STDKAAETPP,TSSTPPSGTDKKAAAGETPSPPGASS
ITDKAAETPP,TISTPPSGTDKKAAAGETPSPPGASS
SKDKAAETPP,TSSTPPSGKDKKAAAGETPSPPGASS
IKDKAAETPP,TISTPPSGKDKKAAAGETPSPPGASS
STENTAETPP,TSSTPPSGTENKTAAGETPSPPGASS
ITENTAETPP,TISTPPSGTENKTAAGETPSPPGASS
SKENTAETPP,TSSTPPSGKENKTAAGETPSPPGASS
IKENTAETPP,TISTPPSGKENKTAAGETPSPPGASS
STDNTAETPP,TSSTPPSGTDNKTAAGETPSPPGASS
ITDNTAETPP,TISTPPSGTDNKTAAGETPSPPGASS
SKDNTAETPP,TSSTPPSGKDNKTAAGETPSPPGASS
IKDNTAETPP,TISTPPSGKDNKTAAGETPSPPGASS
STEKTAETPP,TSSTPPSGTEKKTAAGETPSPPGASS
ITEKTAETPP,TISTPPSGTEKKTAAGETPSPPGASS
SKEKTAETPP,TSSTPPSGKEKKTAAGETPSPPGASS
IKEKTAETPP,TISTPPSGKEKKTAAGETPSPPGASS
STDKTAETPP,TSSTPPSGTDKKTAAGETPSPPGASS
ITDKTAETPP,TISTPPSGTDKKTAAGETPSPPGASS
SKDKTAETPP,TSSTPPSGKDKKTAAGETPSPPGASS
IKDKTAETPP,TISTPPSGKDKKTAAGETPSPPGASS
STENPTGTPP,TSSTPPSGTENKPATGGTPSPPGASS
ITENPTGTPP,TISTPPSGTENKPATGGTPSPPGASS
SKENPTGTPP,TSSTPPSGKENKPATGGTPSPPGASS
IKENPTGTPP,TISTPPSGKENKPATGGTPSPPGASS
STDNPTGTPP,TSSTPPSGTDNKPATGGTPSPPGASS
ITDNPTGTPP,TISTPPSGTDNKPATGGTPSPPGASS
SKDNPTGTPP,TSSTPPSGKDNKPATGGTPSPPGASS
IKDNPTGTPP,TISTPPSGKDNKPATGGTPSPPGASS
STEKPTGTPP,TSSTPPSGTEKKPATGGTPSPPGASS
ITEKPTGTPP,TISTPPSGTEKKPATGGTPSPPGASS
SKEKPTGTPP,TSSTPPSGKEKKPATGGTPSPPGASS
IKEKPTGTPP,TISTPPSGKEKKPATGGTPSPPGASS
STDKPTGTPP,TSSTPPSGTDKKPATGGTPSPPGASS
ITDKPTGTPP,TISTPPSGTDKKPATGGTPSPPGASS
SKDKPTGTPP,TSSTPPSGKDKKPATGGTPSPPGASS
IKDKPTGTPP,TISTPPSGKDKKPATGGTPSPPGASS
STENATGTPP,TSSTPPSGTENKAATGGTPSPPGASS
ITENATGTPP,TISTPPSGTENKAATGGTPSPPGASS
SKENATGTPP,TSSTPPSGKENKAATGGTPSPPGASS
IKENATGTPP,TISTPPSGKENKAATGGTPSPPGASS
STDNATGTPP,TSSTPPSGTDNKAATGGTPSPPGASS
ITDNATGTPP,TISTPPSGTDNKAATGGTPSPPGASS
SKDNATGTPP,TSSTPPSGKDNKAATGGTPSPPGASS
IKDNATGTPP,TISTPPSGKDNKAATGGTPSPPGASS
STEKATGTPP,TSSTPPSGTEKKAATGGTPSPPGASS
ITEKATGTPP,TISTPPSGTEKKAATGGTPSPPGASS
SKEKATGTPP,TSSTPPSGKEKKAATGGTPSPPGASS
IKEKATGTPP,TISTPPSGKEKKAATGGTPSPPGASS
STDKATGTPP,TSSTPPSGTDKKAATGGTPSPPGASS
ITDKATGTPP,TISTPPSGTDKKAATGGTPSPPGASS
SKDKATGTPP,TSSTPPSGKDKKAATGGTPSPPGASS
IKDKATGTPP,TISTPPSGKDKKAATGGTPSPPGASS
STENTTGTPP,TSSTPPSGTENKTATGGTPSPPGASS
ITENTTGTPP,TISTPPSGTENKTATGGTPSPPGASS
SKENTTGTPP,TSSTPPSGKENKTATGGTPSPPGASS
IKENTTGTPP,TISTPPSGKENKTATGGTPSPPGASS
STDNTTGTPP,TSSTPPSGTDNKTATGGTPSPPGASS
ITDNTTGTPP,TISTPPSGTDNKTATGGTPSPPGASS
SKDNTTGTPP,TSSTPPSGKDNKTATGGTPSPPGASS
IKDNTTGTPP,TISTPPSGKDNKTATGGTPSPPGASS
STEKTTGTPP,TSSTPPSGTEKKTATGGTPSPPGASS
ITEKTTGTPP,TISTPPSGTEKKTATGGTPSPPGASS
SKEKTTGTPP,TSSTPPSGKEKKTATGGTPSPPGASS
IKEKTTGTPP,TISTPPSGKEKKTATGGTPSPPGASS
STDKTTGTPP,TSSTPPSGTDKKTATGGTPSPPGASS
ITDKTTGTPP,TISTPPSGTDKKTATGGTPSPPGASS
SKDKTTGTPP,TSSTPPSGKDKKTATGGTPSPPGASS
IKDKTTGTPP,TISTPPSGKDKKTATGGTPSPPGASS
STENPAGTPP,TSSTPPSGTENKPAAGGTPSPPGASS
ITENPAGTPP,TISTPPSGTENKPAAGGTPSPPGASS
SKENPAGTPP,TSSTPPSGKENKPAAGGTPSPPGASS
IKENPAGTPP,TISTPPSGKENKPAAGGTPSPPGASS
STDNPAGTPP,TSSTPPSGTDNKPAAGGTPSPPGASS
ITDNPAGTPP,TISTPPSGTDNKPAAGGTPSPPGASS
SKDNPAGTPP,TSSTPPSGKDNKPAAGGTPSPPGASS
IKDNPAGTPP,TISTPPSGKDNKPAAGGTPSPPGASS
STEKPAGTPP,TSSTPPSGTEKKPAAGGTPSPPGASS
ITEKPAGTPP,TISTPPSGTEKKPAAGGTPSPPGASS
SKEKPAGTPP,TSSTPPSGKEKKPAAGGTPSPPGASS
IKEKPAGTPP,TISTPPSGKEKKPAAGGTPSPPGASS
STDKPAGTPP,TSSTPPSGTDKKPAAGGTPSPPGASS
ITDKPAGTPP,TISTPPSGTDKKPAAGGTPSPPGASS
SKDKPAGTPP,TSSTPPSGKDKKPAAGGTPSPPGASS
IKDKPAGTPP,TISTPPSGKDKKPAAGGTPSPPGASS
STENAAGTPP,TSSTPPSGTENKAAAGGTPSPPGASS
ITENAAGTPP,TISTPPSGTENKAAAGGTPSPPGASS
SKENAAGTPP,TSSTPPSGKENKAAAGGTPSPPGASS
IKENAAGTPP,TISTPPSGKENKAAAGGTPSPPGASS
STDNAAGTPP,TSSTPPSGTDNKAAAGGTPSPPGASS
ITDNAAGTPP,TISTPPSGTDNKAAAGGTPSPPGASS
SKDNAAGTPP,TSSTPPSGKDNKAAAGGTPSPPGASS
IKDNAAGTPP,TISTPPSGKDNKAAAGGTPSPPGASS
STEKAAGTPP,TSSTPPSGTEKKAAAGGTPSPPGASS
ITEKAAGTPP,TISTPPSGTEKKAAAGGTPSPPGASS
SKEKAAGTPP,TSSTPPSGKEKKAAAGGTPSPPGASS
IKEKAAGTPP,TISTPPSGKEKKAAAGGTPSPPGASS
STDKAAGTPP,TSSTPPSGTDKKAAAGGTPSPPGASS
ITDKAAGTPP,TISTPPSGTDKKAAAGGTPSPPGASS
SKDKAAGTPP,TSSTPPSGKDKKAAAGGTPSPPGASS
IKDKAAGTPP,TISTPPSGKDKKAAAGGTPSPPGASS
STENTAGTPP,TSSTPPSGTENKTAAGGTPSPPGASS
ITENTAGTPP,TISTPPSGTENKTAAGGTPSPPGASS
SKENTAGTPP,TSSTPPSGKENKTAAGGTPSPPGASS
IKENTAGTPP,TISTPPSGKENKTAAGGTPSPPGASS
STDNTAGTPP,TSSTPPSGTDNKTAAGGTPSPPGASS
ITDNTAGTPP,TISTPPSGTDNKTAAGGTPSPPGASS
SKDNTAGTPP,TSSTPPSGKDNKTAAGGTPSPPGASS
IKDNTAGTPP,TISTPPSGKDNKTAAGGTPSPPGASS
STEKTAGTPP,TSSTPPSGTEKKTAAGGTPSPPGASS
ITEKTAGTPP,TISTPPSGTEKKTAAGGTPSPPGASS
SKEKTAGTPP,TSSTPPSGKEKKTAAGGTPSPPGASS
IKEKTAGTPP,TISTPPSGKEKKTAAGGTPSPPGASS
STDKTAGTPP,TSSTPPSGTDKKTAAGGTPSPPGASS
ITDKTAGTPP,TISTPPSGTDKKTAAGGTPSPPGASS
SKDKTAGTPP,TSSTPPSGKDKKTAAGGTPSPPGASS
IKDKTAGTPP,TISTPPSGKDKKTAAGGTPSPPGASS
STENPTEAQS,TSSTPPSGTENKPATGEAPSQSGASS
ITENPTEAQS,TISTPPSGTENKPATGEAPSQSGASS
SKENPTEAQS,TSSTPPSGKENKPATGEAPSQSGASS
IKENPTEAQS,TISTPPSGKENKPATGEAPSQSGASS
STDNPTEAQS,TSSTPPSGTDNKPATGEAPSQSGASS
ITDNPTEAQS,TISTPPSGTDNKPATGEAPSQSGASS
SKDNPTEAQS,TSSTPPSGKDNKPATGEAPSQSGASS
IKDNPTEAQS,TISTPPSGKDNKPATGEAPSQSGASS
STEKPTEAQS,TSSTPPSGTEKKPATGEAPSQSGASS
ITEKPTEAQS,TISTPPSGTEKKPATGEAPSQSGASS
SKEKPTEAQS,TSSTPPSGKEKKPATGEAPSQSGASS
IKEKPTEAQS,TISTPPSGKEKKPATGEAPSQSGASS
STDKPTEAQS,TSSTPPSGTDKKPATGEAPSQSGASS
ITDKPTEAQS,TISTPPSGTDKKPATGEAPSQSGASS
SKDKPTEAQS,TSSTPPSGKDKKPATGEAPSQSGASS
IKDKPTEAQS,TISTPPSGKDKKPATGEAPSQSGASS
STENATEAQS,TSSTPPSGTENKAATGEAPSQSGASS
ITENATEAQS,TISTPPSGTENKAATGEAPSQSGASS
SKENATEAQS,TSSTPPSGKENKAATGEAPSQSGASS
IKENATEAQS,TISTPPSGKENKAATGEAPSQSGASS
STDNATEAQS,TSSTPPSGTDNKAATGEAPSQSGASS
ITDNATEAQS,TISTPPSGTDNKAATGEAPSQSGASS
SKDNATEAQS,TSSTPPSGKDNKAATGEAPSQSGASS
IKDNATEAQS,TISTPPSGKDNKAATGEAPSQSGASS
STEKATEAQS,TSSTPPSGTEKKAATGEAPSQSGASS
ITEKATEAQS,TISTPPSGTEKKAATGEAPSQSGASS
SKEKATEAQS,TSSTPPSGKEKKAATGEAPSQSGASS
IKEKATEAQS,TISTPPSGKEKKAATGEAPSQSGASS
STDKATEAQS,TSSTPPSGTDKKAATGEAPSQSGASS
ITDKATEAQS,TISTPPSGTDKKAATGEAPSQSGASS
SKDKATEAQS,TSSTPPSGKDKKAATGEAPSQSGASS
IKDKATEAQS,TISTPPSGKDKKAATGEAPSQSGASS
STENTTEAQS,TSSTPPSGTENKTATGEAPSQSGASS
ITENTTEAQS,TISTPPSGTENKTATGEAPSQSGASS
SKENTTEAQS,TSSTPPSGKENKTATGEAPSQSGASS
IKENTTEAQS,TISTPPSGKENKTATGEAPSQSGASS
STDNTTEAQS,TSSTPPSGTDNKTATGEAPSQSGASS
ITDNTTEAQS,TISTPPSGTDNKTATGEAPSQSGASS
SKDNTTEAQS,TSSTPPSGKDNKTATGEAPSQSGASS
IKDNTTEAQS,TISTPPSGKDNKTATGEAPSQSGASS
STEKTTEAQS,TSSTPPSGTEKKTATGEAPSQSGASS
ITEKTTEAQS,TISTPPSGTEKKTATGEAPSQSGASS
SKEKTTEAQS,TSSTPPSGKEKKTATGEAPSQSGASS
IKEKTTEAQS,TISTPPSGKEKKTATGEAPSQSGASS
STDKTTEAQS,TSSTPPSGTDKKTATGEAPSQSGASS
ITDKTTEAQS,TISTPPSGTDKKTATGEAPSQSGASS
SKDKTTEAQS,TSSTPPSGKDKKTATGEAPSQSGASS
IKDKTTEAQS,TISTPPSGKDKKTATGEAPSQSGASS
STENPAEAQS,TSSTPPSGTENKPAAGEAPSQSGASS
ITENPAEAQS,TISTPPSGTENKPAAGEAPSQSGASS
SKENPAEAQS,TSSTPPSGKENKPAAGEAPSQSGASS
IKENPAEAQS,TISTPPSGKENKPAAGEAPSQSGASS
STDNPAEAQS,TSSTPPSGTDNKPAAGEAPSQSGASS
ITDNPAEAQS,TISTPPSGTDNKPAAGEAPSQSGASS
SKDNPAEAQS,TSSTPPSGKDNKPAAGEAPSQSGASS
IKDNPAEAQS,TISTPPSGKDNKPAAGEAPSQSGASS
STEKPAEAQS,TSSTPPSGTEKKPAAGEAPSQSGASS
ITEKPAEAQS,TISTPPSGTEKKPAAGEAPSQSGASS
SKEKPAEAQS,TSSTPPSGKEKKPAAGEAPSQSGASS
IKEKPAEAQS,TISTPPSGKEKKPAAGEAPSQSGASS
STDKPAEAQS,TSSTPPSGTDKKPAAGEAPSQSGASS
ITDKPAEAQS,TISTPPSGTDKKPAAGEAPSQSGASS
SKDKPAEAQS,TSSTPPSGKDKKPAAGEAPSQSGASS
IKDKPAEAQS,TISTPPSGKDKKPAAGEAPSQSGASS
STENAAEAQS,TSSTPPSGTENKAAAGEAPSQSGASS
ITENAAEAQS,TISTPPSGTENKAAAGEAPSQSGASS
SKENAAEAQS,TSSTPPSGKENKAAAGEAPSQSGASS
IKENAAEAQS,TISTPPSGKENKAAAGEAPSQSGASS
STDNAAEAQS,TSSTPPSGTDNKAAAGEAPSQSGASS
ITDNAAEAQS,TISTPPSGTDNKAAAGEAPSQSGASS
SKDNAAEAQS,TSSTPPSGKDNKAAAGEAPSQSGASS
IKDNAAEAQS,TISTPPSGKDNKAAAGEAPSQSGASS
STEKAAEAQS,TSSTPPSGTEKKAAAGEAPSQSGASS
ITEKAAEAQS,TISTPPSGTEKKAAAGEAPSQSGASS
SKEKAAEAQS,TSSTPPSGKEKKAAAGEAPSQSGASS
IKEKAAEAQS,TISTPPSGKEKKAAAGEAPSQSGASS
STDKAAEAQS,TSSTPPSGTDKKAAAGEAPSQSGASS
ITDKAAEAQS,TISTPPSGTDKKAAAGEAPSQSGASS
SKDKAAEAQS,TSSTPPSGKDKKAAAGEAPSQSGASS
IKDKAAEAQS,TISTPPSGKDKKAAAGEAPSQSGASS
STENTAEAQS,TSSTPPSGTENKTAAGEAPSQSGASS
ITENTAEAQS,TISTPPSGTENKTAAGEAPSQSGASS
SKENTAEAQS,TSSTPPSGKENKTAAGEAPSQSGASS
IKENTAEAQS,TISTPPSGKENKTAAGEAPSQSGASS
STDNTAEAQS,TSSTPPSGTDNKTAAGEAPSQSGASS
ITDNTAEAQS,TISTPPSGTDNKTAAGEAPSQSGASS
SKDNTAEAQS,TSSTPPSGKDNKTAAGEAPSQSGASS
IKDNTAEAQS,TISTPPSGKDNKTAAGEAPSQSGASS
STEKTAEAQS,TSSTPPSGTEKKTAAGEAPSQSGASS
ITEKTAEAQS,TISTPPSGTEKKTAAGEAPSQSGASS
SKEKTAEAQS,TSSTPPSGKEKKTAAGEAPSQSGASS
IKEKTAEAQS,TISTPPSGKEKKTAAGEAPSQSGASS
STDKTAEAQS,TSSTPPSGTDKKTAAGEAPSQSGASS
ITDKTAEAQS,TISTPPSGTDKKTAAGEAPSQSGASS
SKDKTAEAQS,TSSTPPSGKDKKTAAGEAPSQSGASS
IKDKTAEAQS,TISTPPSGKDKKTAAGEAPSQSGASS
STENPTGAQS,TSSTPPSGTENKPATGGAPSQSGASS
ITENPTGAQS,TISTPPSGTENKPATGGAPSQSGASS
SKENPTGAQS,TSSTPPSGKENKPATGGAPSQSGASS
IKENPTGAQS,TISTPPSGKENKPATGGAPSQSGASS
STDNPTGAQS,TSSTPPSGTDNKPATGGAPSQSGASS
ITDNPTGAQS,TISTPPSGTDNKPATGGAPSQSGASS
SKDNPTGAQS,TSSTPPSGKDNKPATGGAPSQSGASS
IKDNPTGAQS,TISTPPSGKDNKPATGGAPSQSGASS
STEKPTGAQS,TSSTPPSGTEKKPATGGAPSQSGASS
ITEKPTGAQS,TISTPPSGTEKKPATGGAPSQSGASS
SKEKPTGAQS,TSSTPPSGKEKKPATGGAPSQSGASS
IKEKPTGAQS,TISTPPSGKEKKPATGGAPSQSGASS
STDKPTGAQS,TSSTPPSGTDKKPATGGAPSQSGASS
ITDKPTGAQS,TISTPPSGTDKKPATGGAPSQSGASS
SKDKPTGAQS,TSSTPPSGKDKKPATGGAPSQSGASS
IKDKPTGAQS,TISTPPSGKDKKPATGGAPSQSGASS
STENATGAQS,TSSTPPSGTENKAATGGAPSQSGASS
ITENATGAQS,TISTPPSGTENKAATGGAPSQSGASS
SKENATGAQS,TSSTPPSGKENKAATGGAPSQSGASS
IKENATGAQS,TISTPPSGKENKAATGGAPSQSGASS
STDNATGAQS,TSSTPPSGTDNKAATGGAPSQSGASS
ITDNATGAQS,TISTPPSGTDNKAATGGAPSQSGASS
SKDNATGAQS,TSSTPPSGKDNKAATGGAPSQSGASS
IKDNATGAQS,TISTPPSGKDNKAATGGAPSQSGASS
STEKATGAQS,TSSTPPSGTEKKAATGGAPSQSGASS
ITEKATGAQS,TISTPPSGTEKKAATGGAPSQSGASS
SKEKATGAQS,TSSTPPSGKEKKAATGGAPSQSGASS
IKEKATGAQS,TISTPPSGKEKKAATGGAPSQSGASS
STDKATGAQS,TSSTPPSGTDKKAATGGAPSQSGASS
ITDKATGAQS,TISTPPSGTDKKAATGGAPSQSGASS
SKDKATGAQS,TSSTPPSGKDKKAATGGAPSQSGASS
IKDKATGAQS,TISTPPSGKDKKAATGGAPSQSGASS
STENTTGAQS,TSSTPPSGTENKTATGGAPSQSGASS
ITENTTGAQS,TISTPPSGTENKTATGGAPSQSGASS
SKENTTGAQS,TSSTPPSGKENKTATGGAPSQSGASS
IKENTTGAQS,TISTPPSGKENKTATGGAPSQSGASS
STDNTTGAQS,TSSTPPSGTDNKTATGGAPSQSGASS
ITDNTTGAQS,TISTPPSGTDNKTATGGAPSQSGASS
SKDNTTGAQS,TSSTPPSGKDNKTATGGAPSQSGASS
IKDNTTGAQS,TISTPPSGKDNKTATGGAPSQSGASS
STEKTTGAQS,TSSTPPSGTEKKTATGGAPSQSGASS
ITEKTTGAQS,TISTPPSGTEKKTATGGAPSQSGASS
SKEKTTGAQS,TSSTPPSGKEKKTATGGAPSQSGASS
IKEKTTGAQS,TISTPPSGKEKKTATGGAPSQSGASS
STDKTTGAQS,TSSTPPSGTDKKTATGGAPSQSGASS
ITDKTTGAQS,TISTPPSGTDKKTATGGAPSQSGASS
SKDKTTGAQS,TSSTPPSGKDKKTATGGAPSQSGASS
IKDKTTGAQS,TISTPPSGKDKKTATGGAPSQSGASS
STENPAGAQS,TSSTPPSGTENKPAAGGAPSQSGASS
ITENPAGAQS,TISTPPSGTENKPAAGGAPSQSGASS
SKENPAGAQS,TSSTPPSGKENKPAAGGAPSQSGASS
IKENPAGAQS,TISTPPSGKENKPAAGGAPSQSGASS
STDNPAGAQS,TSSTPPSGTDNKPAAGGAPSQSGASS
ITDNPAGAQS,TISTPPSGTDNKPAAGGAPSQSGASS
SKDNPAGAQS,TSSTPPSGKDNKPAAGGAPSQSGASS
IKDNPAGAQS,TISTPPSGKDNKPAAGGAPSQSGASS
STEKPAGAQS,TSSTPPSGTEKKPAAGGAPSQSGASS
ITEKPAGAQS,TISTPPSGTEKKPAAGGAPSQSGASS
SKEKPAGAQS,TSSTPPSGKEKKPAAGGAPSQSGASS
IKEKPAGAQS,TISTPPSGKEKKPAAGGAPSQSGASS
STDKPAGAQS,TSSTPPSGTDKKPAAGGAPSQSGASS
ITDKPAGAQS,TISTPPSGTDKKPAAGGAPSQSGASS
SKDKPAGAQS,TSSTPPSGKDKKPAAGGAPSQSGASS
IKDKPAGAQS,TISTPPSGKDKKPAAGGAPSQSGASS
STENAAGAQS,TSSTPPSGTENKAAAGGAPSQSGASS
ITENAAGAQS,TISTPPSGTENKAAAGGAPSQSGASS
SKENAAGAQS,TSSTPPSGKENKAAAGGAPSQSGASS
IKENAAGAQS,TISTPPSGKENKAAAGGAPSQSGASS
STDNAAGAQS,TSSTPPSGTDNKAAAGGAPSQSGASS
ITDNAAGAQS,TISTPPSGTDNKAAAGGAPSQSGASS
SKDNAAGAQS,TSSTPPSGKDNKAAAGGAPSQSGASS
IKDNAAGAQS,TISTPPSGKDNKAAAGGAPSQSGASS
STEKAAGAQS,TSSTPPSGTEKKAAAGGAPSQSGASS
ITEKAAGAQS,TISTPPSGTEKKAAAGGAPSQSGASS
SKEKAAGAQS,TSSTPPSGKEKKAAAGGAPSQSGASS
IKEKAAGAQS,TISTPPSGKEKKAAAGGAPSQSGASS
STDKAAGAQS,TSSTPPSGTDKKAAAGGAPSQSGASS
ITDKAAGAQS,TISTPPSGTDKKAAAGGAPSQSGASS
SKDKAAGAQS,TSSTPPSGKDKKAAAGGAPSQSGASS
IKDKAAGAQS,TISTPPSGKDKKAAAGGAPSQSGASS
STENTAGAQS,TSSTPPSGTENKTAAGGAPSQSGASS
ITENTAGAQS,TISTPPSGTENKTAAGGAPSQSGASS
SKENTAGAQS,TSSTPPSGKENKTAAGGAPSQSGASS
IKENTAGAQS,TISTPPSGKENKTAAGGAPSQSGASS
STDNTAGAQS,TSSTPPSGTDNKTAAGGAPSQSGASS
ITDNTAGAQS,TISTPPSGTDNKTAAGGAPSQSGASS
SKDNTAGAQS,TSSTPPSGKDNKTAAGGAPSQSGASS
IKDNTAGAQS,TISTPPSGKDNKTAAGGAPSQSGASS
STEKTAGAQS,TSSTPPSGTEKKTAAGGAPSQSGASS
ITEKTAGAQS,TISTPPSGTEKKTAAGGAPSQSGASS
SKEKTAGAQS,TSSTPPSGKEKKTAAGGAPSQSGASS
IKEKTAGAQS,TISTPPSGKEKKTAAGGAPSQSGASS
STDKTAGAQS,TSSTPPSGTDKKTAAGGAPSQSGASS
ITDKTAGAQS,TISTPPSGTDKKTAAGGAPSQSGASS
SKDKTAGAQS,TSSTPPSGKDKKTAAGGAPSQSGASS
IKDKTAGAQS,TISTPPSGKDKKTAAGGAPSQSGASS
STENPTETQS,TSSTPPSGTENKPATGETPSQSGASS
ITENPTETQS,TISTPPSGTENKPATGETPSQSGASS
SKENPTETQS,TSSTPPSGKENKPATGETPSQSGASS
IKENPTETQS,TISTPPSGKENKPATGETPSQSGASS
STDNPTETQS,TSSTPPSGTDNKPATGETPSQSGASS
ITDNPTETQS,TISTPPSGTDNKPATGETPSQSGASS
SKDNPTETQS,TSSTPPSGKDNKPATGETPSQSGASS
IKDNPTETQS,TISTPPSGKDNKPATGETPSQSGASS
STEKPTETQS,TSSTPPSGTEKKPATGETPSQSGASS
ITEKPTETQS,TISTPPSGTEKKPATGETPSQSGASS
SKEKPTETQS,TSSTPPSGKEKKPATGETPSQSGASS
IKEKPTETQS,TISTPPSGKEKKPATGETPSQSGASS
STDKPTETQS,TSSTPPSGTDKKPATGETPSQSGASS
ITDKPTETQS,TISTPPSGTDKKPATGETPSQSGASS
SKDKPTETQS,TSSTPPSGKDKKPATGETPSQSGASS
IKDKPTETQS,TISTPPSGKDKKPATGETPSQSGASS
STENATETQS,TSSTPPSGTENKAATGETPSQSGASS
ITENATETQS,TISTPPSGTENKAATGETPSQSGASS
SKENATETQS,TSSTPPSGKENKAATGETPSQSGASS
IKENATETQS,TISTPPSGKENKAATGETPSQSGASS
STDNATETQS,TSSTPPSGTDNKAATGETPSQSGASS
ITDNATETQS,TISTPPSGTDNKAATGETPSQSGASS
SKDNATETQS,TSSTPPSGKDNKAATGETPSQSGASS
IKDNATETQS,TISTPPSGKDNKAATGETPSQSGASS
STEKATETQS,TSSTPPSGTEKKAATGETPSQSGASS
ITEKATETQS,TISTPPSGTEKKAATGETPSQSGASS
SKEKATETQS,TSSTPPSGKEKKAATGETPSQSGASS
IKEKATETQS,TISTPPSGKEKKAATGETPSQSGASS
STDKATETQS,TSSTPPSGTDKKAATGETPSQSGASS
ITDKATETQS,TISTPPSGTDKKAATGETPSQSGASS
SKDKATETQS,TSSTPPSGKDKKAATGETPSQSGASS
IKDKATETQS,TISTPPSGKDKKAATGETPSQSGASS
STENTTETQS,TSSTPPSGTENKTATGETPSQSGASS
ITENTTETQS,TISTPPSGTENKTATGETPSQSGASS
SKENTTETQS,TSSTPPSGKENKTATGETPSQSGASS
IKENTTETQS,TISTPPSGKENKTATGETPSQSGASS
STDNTTETQS,TSSTPPSGTDNKTATGETPSQSGASS
ITDNTTETQS,TISTPPSGTDNKTATGETPSQSGASS
SKDNTTETQS,TSSTPPSGKDNKTATGETPSQSGASS
IKDNTTETQS,TISTPPSGKDNKTATGETPSQSGASS
STEKTTETQS,TSSTPPSGTEKKTATGETPSQSGASS
ITEKTTETQS,TISTPPSGTEKKTATGETPSQSGASS
SKEKTTETQS,TSSTPPSGKEKKTATGETPSQSGASS
IKEKTTETQS,TISTPPSGKEKKTATGETPSQSGASS
STDKTTETQS,TSSTPPSGTDKKTATGETPSQSGASS
ITDKTTETQS,TISTPPSGTDKKTATGETPSQSGASS
SKDKTTETQS,TSSTPPSGKDKKTATGETPSQSGASS
IKDKTTETQS,TISTPPSGKDKKTATGETPSQSGASS
STENPAETQS,TSSTPPSGTENKPAAGETPSQSGASS
ITENPAETQS,TISTPPSGTENKPAAGETPSQSGASS
SKENPAETQS,TSSTPPSGKENKPAAGETPSQSGASS
IKENPAETQS,TISTPPSGKENKPAAGETPSQSGASS
STDNPAETQS,TSSTPPSGTDNKPAAGETPSQSGASS
ITDNPAETQS,TISTPPSGTDNKPAAGETPSQSGASS
SKDNPAETQS,TSSTPPSGKDNKPAAGETPSQSGASS
IKDNPAETQS,TISTPPSGKDNKPAAGETPSQSGASS
STEKPAETQS,TSSTPPSGTEKKPAAGETPSQSGASS
ITEKPAETQS,TISTPPSGTEKKPAAGETPSQSGASS
SKEKPAETQS,TSSTPPSGKEKKPAAGETPSQSGASS
IKEKPAETQS,TISTPPSGKEKKPAAGETPSQSGASS
STDKPAETQS,TSSTPPSGTDKKPAAGETPSQSGASS
ITDKPAETQS,TISTPPSGTDKKPAAGETPSQSGASS
SKDKPAETQS,TSSTPPSGKDKKPAAGETPSQSGASS
IKDKPAETQS,TISTPPSGKDKKPAAGETPSQSGASS
STENAAETQS,TSSTPPSGTENKAAAGETPSQSGASS
ITENAAETQS,TISTPPSGTENKAAAGETPSQSGASS
SKENAAETQS,TSSTPPSGKENKAAAGETPSQSGASS
IKENAAETQS,TISTPPSGKENKAAAGETPSQSGASS
STDNAAETQS,TSSTPPSGTDNKAAAGETPSQSGASS
ITDNAAETQS,TISTPPSGTDNKAAAGETPSQSGASS
SKDNAAETQS,TSSTPPSGKDNKAAAGETPSQSGASS
IKDNAAETQS,TISTPPSGKDNKAAAGETPSQSGASS
STEKAAETQS,TSSTPPSGTEKKAAAGETPSQSGASS
ITEKAAETQS,TISTPPSGTEKKAAAGETPSQSGASS
SKEKAAETQS,TSSTPPSGKEKKAAAGETPSQSGASS
IKEKAAETQS,TISTPPSGKEKKAAAGETPSQSGASS
STDKAAETQS,TSSTPPSGTDKKAAAGETPSQSGASS
ITDKAAETQS,TISTPPSGTDKKAAAGETPSQSGASS
SKDKAAETQS,TSSTPPSGKDKKAAAGETPSQSGASS
IKDKAAETQS,TISTPPSGKDKKAAAGETPSQSGASS
STENTAETQS,TSSTPPSGTENKTAAGETPSQSGASS
ITENTAETQS,TISTPPSGTENKTAAGETPSQSGASS
SKENTAETQS,TSSTPPSGKENKTAAGETPSQSGASS
IKENTAETQS,TISTPPSGKENKTAAGETPSQSGASS
STDNTAETQS,TSSTPPSGTDNKTAAGETPSQSGASS
ITDNTAETQS,TISTPPSGTDNKTAAGETPSQSGASS
SKDNTAETQS,TSSTPPSGKDNKTAAGETPSQSGASS
IKDNTAETQS,TISTPPSGKDNKTAAGETPSQSGASS
STEKTAETQS,TSSTPPSGTEKKTAAGETPSQSGASS
ITEKTAETQS,TISTPPSGTEKKTAAGETPSQSGASS
SKEKTAETQS,TSSTPPSGKEKKTAAGETPSQSGASS
IKEKTAETQS,TISTPPSGKEKKTAAGETPSQSGASS
STDKTAETQS,TSSTPPSGTDKKTAAGETPSQSGASS
ITDKTAETQS,TISTPPSGTDKKTAAGETPSQSGASS
SKDKTAETQS,TSSTPPSGKDKKTAAGETPSQSGASS
IKDKTAETQS,TISTPPSGKDKKTAAGETPSQSGASS
STENPTGTQS,TSSTPPSGTENKPATGGTPSQSGASS
ITENPTGTQS,TISTPPSGTENKPATGGTPSQSGASS
SKENPTGTQS,TSSTPPSGKENKPATGGTPSQSGASS
IKENPTGTQS,TISTPPSGKENKPATGGTPSQSGASS
STDNPTGTQS,TSSTPPSGTDNKPATGGTPSQSGASS
ITDNPTGTQS,TISTPPSGTDNKPATGGTPSQSGASS
SKDNPTGTQS,TSSTPPSGKDNKPATGGTPSQSGASS
IKDNPTGTQS,TISTPPSGKDNKPATGGTPSQSGASS
STEKPTGTQS,TSSTPPSGTEKKPATGGTPSQSGASS
ITEKPTGTQS,TISTPPSGTEKKPATGGTPSQSGASS
SKEKPTGTQS,TSSTPPSGKEKKPATGGTPSQSGASS
IKEKPTGTQS,TISTPPSGKEKKPATGGTPSQSGASS
STDKPTGTQS,TSSTPPSGTDKKPATGGTPSQSGASS
ITDKPTGTQS,TISTPPSGTDKKPATGGTPSQSGASS
SKDKPTGTQS,TSSTPPSGKDKKPATGGTPSQSGASS
IKDKPTGTQS,TISTPPSGKDKKPATGGTPSQSGASS
STENATGTQS,TSSTPPSGTENKAATGGTPSQSGASS
ITENATGTQS,TISTPPSGTENKAATGGTPSQSGASS
SKENATGTQS,TSSTPPSGKENKAATGGTPSQSGASS
IKENATGTQS,TISTPPSGKENKAATGGTPSQSGASS
STDNATGTQS,TSSTPPSGTDNKAATGGTPSQSGASS
ITDNATGTQS,TISTPPSGTDNKAATGGTPSQSGASS
SKDNATGTQS,TSSTPPSGKDNKAATGGTPSQSGASS
IKDNATGTQS,TISTPPSGKDNKAATGGTPSQSGASS
STEKATGTQS,TSSTPPSGTEKKAATGGTPSQSGASS
ITEKATGTQS,TISTPPSGTEKKAATGGTPSQSGASS
SKEKATGTQS,TSSTPPSGKEKKAATGGTPSQSGASS
IKEKATGTQS,TISTPPSGKEKKAATGGTPSQSGASS
STDKATGTQS,TSSTPPSGTDKKAATGGTPSQSGASS
ITDKATGTQS,TISTPPSGTDKKAATGGTPSQSGASS
SKDKATGTQS,TSSTPPSGKDKKAATGGTPSQSGASS
IKDKATGTQS,TISTPPSGKDKKAATGGTPSQSGASS
STENTTGTQS,TSSTPPSGTENKTATGGTPSQSGASS
ITENTTGTQS,TISTPPSGTENKTATGGTPSQSGASS
SKENTTGTQS,TSSTPPSGKENKTATGGTPSQSGASS
IKENTTGTQS,TISTPPSGKENKTATGGTPSQSGASS
STDNTTGTQS,TSSTPPSGTDNKTATGGTPSQSGASS
ITDNTTGTQS,TISTPPSGTDNKTATGGTPSQSGASS
SKDNTTGTQS,TSSTPPSGKDNKTATGGTPSQSGASS
IKDNTTGTQS,TISTPPSGKDNKTATGGTPSQSGASS
STEKTTGTQS,TSSTPPSGTEKKTATGGTPSQSGASS
ITEKTTGTQS,TISTPPSGTEKKTATGGTPSQSGASS
SKEKTTGTQS,TSSTPPSGKEKKTATGGTPSQSGASS
IKEKTTGTQS,TISTPPSGKEKKTATGGTPSQSGASS
STDKTTGTQS,TSSTPPSGTDKKTATGGTPSQSGASS
ITDKTTGTQS,TISTPPSGTDKKTATGGTPSQSGASS
SKDKTTGTQS,TSSTPPSGKDKKTATGGTPSQSGASS
IKDKTTGTQS,TISTPPSGKDKKTATGGTPSQSGASS
STENPAGTQS,TSSTPPSGTENKPAAGGTPSQSGASS
ITENPAGTQS,TISTPPSGTENKPAAGGTPSQSGASS
SKENPAGTQS,TSSTPPSGKENKPAAGGTPSQSGASS
IKENPAGTQS,TISTPPSGKENKPAAGGTPSQSGASS
STDNPAGTQS,TSSTPPSGTDNKPAAGGTPSQSGASS
ITDNPAGTQS,TISTPPSGTDNKPAAGGTPSQSGASS
SKDNPAGTQS,TSSTPPSGKDNKPAAGGTPSQSGASS
IKDNPAGTQS,TISTPPSGKDNKPAAGGTPSQSGASS
STEKPAGTQS,TSSTPPSGTEKKPAAGGTPSQSGASS
ITEKPAGTQS,TISTPPSGTEKKPAAGGTPSQSGASS
SKEKPAGTQS,TSSTPPSGKEKKPAAGGTPSQSGASS
IKEKPAGTQS,TISTPPSGKEKKPAAGGTPSQSGASS
STDKPAGTQS,TSSTPPSGTDKKPAAGGTPSQSGASS
ITDKPAGTQS,TISTPPSGTDKKPAAGGTPSQSGASS
SKDKPAGTQS,TSSTPPSGKDKKPAAGGTPSQSGASS
IKDKPAGTQS,TISTPPSGKDKKPAAGGTPSQSGASS
STENAAGTQS,TSSTPPSGTENKAAAGGTPSQSGASS
ITENAAGTQS,TISTPPSGTENKAAAGGTPSQSGASS
SKENAAGTQS,TSSTPPSGKENKAAAGGTPSQSGASS
IKENAAGTQS,TISTPPSGKENKAAAGGTPSQSGASS
STDNAAGTQS,TSSTPPSGTDNKAAAGGTPSQSGASS
ITDNAAGTQS,TISTPPSGTDNKAAAGGTPSQSGASS
SKDNAAGTQS,TSSTPPSGKDNKAAAGGTPSQSGASS
IKDNAAGTQS,TISTPPSGKDNKAAAGGTPSQSGASS
STEKAAGTQS,TSSTPPSGTEKKAAAGGTPSQSGASS
ITEKAAGTQS,TISTPPSGTEKKAAAGGTPSQSGASS
SKEKAAGTQS,TSSTPPSGKEKKAAAGGTPSQSGASS
IKEKAAGTQS,TISTPPSGKEKKAAAGGTPSQSGASS
STDKAAGTQS,TSSTPPSGTDKKAAAGGTPSQSGASS
ITDKAAGTQS,TISTPPSGTDKKAAAGGTPSQSGASS
SKDKAAGTQS,TSSTPPSGKDKKAAAGGTPSQSGASS
IKDKAAGTQS,TISTPPSGKDKKAAAGGTPSQSGASS
STENTAGTQS,TSSTPPSGTENKTAAGGTPSQSGASS
ITENTAGTQS,TISTPPSGTENKTAAGGTPSQSGASS
SKENTAGTQS,TSSTPPSGKENKTAAGGTPSQSGASS
IKENTAGTQS,TISTPPSGKENKTAAGGTPSQSGASS
STDNTAGTQS,TSSTPPSGTDNKTAAGGTPSQSGASS
ITDNTAGTQS,TISTPPSGTDNKTAAGGTPSQSGASS
SKDNTAGTQS,TSSTPPSGKDNKTAAGGTPSQSGASS
IKDNTAGTQS,TISTPPSGKDNKTAAGGTPSQSGASS
STEKTAGTQS,TSSTPPSGTEKKTAAGGTPSQSGASS
ITEKTAGTQS,TISTPPSGTEKKTAAGGTPSQSGASS
SKEKTAGTQS,TSSTPPSGKEKKTAAGGTPSQSGASS
IKEKTAGTQS,TISTPPSGKEKKTAAGGTPSQSGASS
STDKTAGTQS,TSSTPPSGTDKKTAAGGTPSQSGASS
ITDKTAGTQS,TISTPPSGTDKKTAAGGTPSQSGASS
SKDKTAGTQS,TSSTPPSGKDKKTAAGGTPSQSGASS
IKDKTAGTQS,TISTPPSGKDKKTAAGGTPSQSGASS
STENPTEAPS,TSSTPPSGTENKPATGEAPSPSGASS
ITENPTEAPS,TISTPPSGTENKPATGEAPSPSGASS
SKENPTEAPS,TSSTPPSGKENKPATGEAPSPSGASS
IKENPTEAPS,TISTPPSGKENKPATGEAPSPSGASS
STDNPTEAPS,TSSTPPSGTDNKPATGEAPSPSGASS
ITDNPTEAPS,TISTPPSGTDNKPATGEAPSPSGASS
SKDNPTEAPS,TSSTPPSGKDNKPATGEAPSPSGASS
IKDNPTEAPS,TISTPPSGKDNKPATGEAPSPSGASS
STEKPTEAPS,TSSTPPSGTEKKPATGEAPSPSGASS
ITEKPTEAPS,TISTPPSGTEKKPATGEAPSPSGASS
SKEKPTEAPS,TSSTPPSGKEKKPATGEAPSPSGASS
IKEKPTEAPS,TISTPPSGKEKKPATGEAPSPSGASS
STDKPTEAPS,TSSTPPSGTDKKPATGEAPSPSGASS
ITDKPTEAPS,TISTPPSGTDKKPATGEAPSPSGASS
SKDKPTEAPS,TSSTPPSGKDKKPATGEAPSPSGASS
IKDKPTEAPS,TISTPPSGKDKKPATGEAPSPSGASS
STENATEAPS,TSSTPPSGTENKAATGEAPSPSGASS
ITENATEAPS,TISTPPSGTENKAATGEAPSPSGASS
SKENATEAPS,TSSTPPSGKENKAATGEAPSPSGASS
IKENATEAPS,TISTPPSGKENKAATGEAPSPSGASS
STDNATEAPS,TSSTPPSGTDNKAATGEAPSPSGASS
ITDNATEAPS,TISTPPSGTDNKAATGEAPSPSGASS
SKDNATEAPS,TSSTPPSGKDNKAATGEAPSPSGASS
IKDNATEAPS,TISTPPSGKDNKAATGEAPSPSGASS
STEKATEAPS,TSSTPPSGTEKKAATGEAPSPSGASS
ITEKATEAPS,TISTPPSGTEKKAATGEAPSPSGASS
SKEKATEAPS,TSSTPPSGKEKKAATGEAPSPSGASS
IKEKATEAPS,TISTPPSGKEKKAATGEAPSPSGASS
STDKATEAPS,TSSTPPSGTDKKAATGEAPSPSGASS
ITDKATEAPS,TISTPPSGTDKKAATGEAPSPSGASS
SKDKATEAPS,TSSTPPSGKDKKAATGEAPSPSGASS
IKDKATEAPS,TISTPPSGKDKKAATGEAPSPSGASS
STENTTEAPS,TSSTPPSGTENKTATGEAPSPSGASS
ITENTTEAPS,TISTPPSGTENKTATGEAPSPSGASS
SKENTTEAPS,TSSTPPSGKENKTATGEAPSPSGASS
IKENTTEAPS,TISTPPSGKENKTATGEAPSPSGASS
STDNTTEAPS,TSSTPPSGTDNKTATGEAPSPSGASS
ITDNTTEAPS,TISTPPSGTDNKTATGEAPSPSGASS
SKDNTTEAPS,TSSTPPSGKDNKTATGEAPSPSGASS
IKDNTTEAPS,TISTPPSGKDNKTATGEAPSPSGASS
STEKTTEAPS,TSSTPPSGTEKKTATGEAPSPSGASS
ITEKTTEAPS,TISTPPSGTEKKTATGEAPSPSGASS
SKEKTTEAPS,TSSTPPSGKEKKTATGEAPSPSGASS
IKEKTTEAPS,TISTPPSGKEKKTATGEAPSPSGASS
STDKTTEAPS,TSSTPPSGTDKKTATGEAPSPSGASS
ITDKTTEAPS,TISTPPSGTDKKTATGEAPSPSGASS
SKDKTTEAPS,TSSTPPSGKDKKTATGEAPSPSGASS
IKDKTTEAPS,TISTPPSGKDKKTATGEAPSPSGASS
STENPAEAPS,TSSTPPSGTENKPAAGEAPSPSGASS
ITENPAEAPS,TISTPPSGTENKPAAGEAPSPSGASS
SKENPAEAPS,TSSTPPSGKENKPAAGEAPSPSGASS
IKENPAEAPS,TISTPPSGKENKPAAGEAPSPSGASS
STDNPAEAPS,TSSTPPSGTDNKPAAGEAPSPSGASS
ITDNPAEAPS,TISTPPSGTDNKPAAGEAPSPSGASS
SKDNPAEAPS,TSSTPPSGKDNKPAAGEAPSPSGASS
IKDNPAEAPS,TISTPPSGKDNKPAAGEAPSPSGASS
STEKPAEAPS,TSSTPPSGTEKKPAAGEAPSPSGASS
ITEKPAEAPS,TISTPPSGTEKKPAAGEAPSPSGASS
SKEKPAEAPS,TSSTPPSGKEKKPAAGEAPSPSGASS
IKEKPAEAPS,TISTPPSGKEKKPAAGEAPSPSGASS
STDKPAEAPS,TSSTPPSGTDKKPAAGEAPSPSGASS
ITDKPAEAPS,TISTPPSGTDKKPAAGEAPSPSGASS
SKDKPAEAPS,TSSTPPSGKDKKPAAGEAPSPSGASS
IKDKPAEAPS,TISTPPSGKDKKPAAGEAPSPSGASS
STENAAEAPS,TSSTPPSGTENKAAAGEAPSPSGASS
ITENAAEAPS,TISTPPSGTENKAAAGEAPSPSGASS
SKENAAEAPS,TSSTPPSGKENKAAAGEAPSPSGASS
IKENAAEAPS,TISTPPSGKENKAAAGEAPSPSGASS
STDNAAEAPS,TSSTPPSGTDNKAAAGEAPSPSGASS
ITDNAAEAPS,TISTPPSGTDNKAAAGEAPSPSGASS
SKDNAAEAPS,TSSTPPSGKDNKAAAGEAPSPSGASS
IKDNAAEAPS,TISTPPSGKDNKAAAGEAPSPSGASS
STEKAAEAPS,TSSTPPSGTEKKAAAGEAPSPSGASS
ITEKAAEAPS,TISTPPSGTEKKAAAGEAPSPSGASS
SKEKAAEAPS,TSSTPPSGKEKKAAAGEAPSPSGASS
IKEKAAEAPS,TISTPPSGKEKKAAAGEAPSPSGASS
STDKAAEAPS,TSSTPPSGTDKKAAAGEAPSPSGASS
ITDKAAEAPS,TISTPPSGTDKKAAAGEAPSPSGASS
SKDKAAEAPS,TSSTPPSGKDKKAAAGEAPSPSGASS
IKDKAAEAPS,TISTPPSGKDKKAAAGEAPSPSGASS
STENTAEAPS,TSSTPPSGTENKTAAGEAPSPSGASS
ITENTAEAPS,TISTPPSGTENKTAAGEAPSPSGASS
SKENTAEAPS,TSSTPPSGKENKTAAGEAPSPSGASS
IKENTAEAPS,TISTPPSGKENKTAAGEAPSPSGASS
STDNTAEAPS,TSSTPPSGTDNKTAAGEAPSPSGASS
ITDNTAEAPS,TISTPPSGTDNKTAAGEAPSPSGASS
SKDNTAEAPS,TSSTPPSGKDNKTAAGEAPSPSGASS
IKDNTAEAPS,TISTPPSGKDNKTAAGEAPSPSGASS
STEKTAEAPS,TSSTPPSGTEKKTAAGEAPSPSGASS
ITEKTAEAPS,TISTPPSGTEKKTAAGEAPSPSGASS
SKEKTAEAPS,TSSTPPSGKEKKTAAGEAPSPSGASS
IKEKTAEAPS,TISTPPSGKEKKTAAGEAPSPSGASS
STDKTAEAPS,TSSTPPSGTDKKTAAGEAPSPSGASS
ITDKTAEAPS,TISTPPSGTDKKTAAGEAPSPSGASS
SKDKTAEAPS,TSSTPPSGKDKKTAAGEAPSPSGASS
IKDKTAEAPS,TISTPPSGKDKKTAAGEAPSPSGASS
STENPTGAPS,TSSTPPSGTENKPATGGAPSPSGASS
ITENPTGAPS,TISTPPSGTENKPATGGAPSPSGASS
SKENPTGAPS,TSSTPPSGKENKPATGGAPSPSGASS
IKENPTGAPS,TISTPPSGKENKPATGGAPSPSGASS
STDNPTGAPS,TSSTPPSGTDNKPATGGAPSPSGASS
ITDNPTGAPS,TISTPPSGTDNKPATGGAPSPSGASS
SKDNPTGAPS,TSSTPPSGKDNKPATGGAPSPSGASS
IKDNPTGAPS,TISTPPSGKDNKPATGGAPSPSGASS
STEKPTGAPS,TSSTPPSGTEKKPATGGAPSPSGASS
ITEKPTGAPS,TISTPPSGTEKKPATGGAPSPSGASS
SKEKPTGAPS,TSSTPPSGKEKKPATGGAPSPSGASS
IKEKPTGAPS,TISTPPSGKEKKPATGGAPSPSGASS
STDKPTGAPS,TSSTPPSGTDKKPATGGAPSPSGASS
ITDKPTGAPS,TISTPPSGTDKKPATGGAPSPSGASS
SKDKPTGAPS,TSSTPPSGKDKKPATGGAPSPSGASS
IKDKPTGAPS,TISTPPSGKDKKPATGGAPSPSGASS
STENATGAPS,TSSTPPSGTENKAATGGAPSPSGASS
ITENATGAPS,TISTPPSGTENKAATGGAPSPSGASS
SKENATGAPS,TSSTPPSGKENKAATGGAPSPSGASS
IKENATGAPS,TISTPPSGKENKAATGGAPSPSGASS
STDNATGAPS,TSSTPPSGTDNKAATGGAPSPSGASS
ITDNATGAPS,TISTPPSGTDNKAATGGAPSPSGASS
SKDNATGAPS,TSSTPPSGKDNKAATGGAPSPSGASS
IKDNATGAPS,TISTPPSGKDNKAATGGAPSPSGASS
STEKATGAPS,TSSTPPSGTEKKAATGGAPSPSGASS
ITEKATGAPS,TISTPPSGTEKKAATGGAPSPSGASS
SKEKATGAPS,TSSTPPSGKEKKAATGGAPSPSGASS
IKEKATGAPS,TISTPPSGKEKKAATGGAPSPSGASS
STDKATGAPS,TSSTPPSGTDKKAATGGAPSPSGASS
ITDKATGAPS,TISTPPSGTDKKAATGGAPSPSGASS
SKDKATGAPS,TSSTPPSGKDKKAATGGAPSPSGASS
IKDKATGAPS,TISTPPSGKDKKAATGGAPSPSGASS
STENTTGAPS,TSSTPPSGTENKTATGGAPSPSGASS
ITENTTGAPS,TISTPPSGTENKTATGGAPSPSGASS
SKENTTGAPS,TSSTPPSGKENKTATGGAPSPSGASS
IKENTTGAPS,TISTPPSGKENKTATGGAPSPSGASS
STDNTTGAPS,TSSTPPSGTDNKTATGGAPSPSGASS
ITDNTTGAPS,TISTPPSGTDNKTATGGAPSPSGASS
SKDNTTGAPS,TSSTPPSGKDNKTATGGAPSPSGASS
IKDNTTGAPS,TISTPPSGKDNKTATGGAPSPSGASS
STEKTTGAPS,TSSTPPSGTEKKTATGGAPSPSGASS
ITEKTTGAPS,TISTPPSGTEKKTATGGAPSPSGASS
SKEKTTGAPS,TSSTPPSGKEKKTATGGAPSPSGASS
IKEKTTGAPS,TISTPPSGKEKKTATGGAPSPSGASS
STDKTTGAPS,TSSTPPSGTDKKTATGGAPSPSGASS
ITDKTTGAPS,TISTPPSGTDKKTATGGAPSPSGASS
SKDKTTGAPS,TSSTPPSGKDKKTATGGAPSPSGASS
IKDKTTGAPS,TISTPPSGKDKKTATGGAPSPSGASS
STENPAGAPS,TSSTPPSGTENKPAAGGAPSPSGASS
ITENPAGAPS,TISTPPSGTENKPAAGGAPSPSGASS
SKENPAGAPS,TSSTPPSGKENKPAAGGAPSPSGASS
IKENPAGAPS,TISTPPSGKENKPAAGGAPSPSGASS
STDNPAGAPS,TSSTPPSGTDNKPAAGGAPSPSGASS
ITDNPAGAPS,TISTPPSGTDNKPAAGGAPSPSGASS
SKDNPAGAPS,TSSTPPSGKDNKPAAGGAPSPSGASS
IKDNPAGAPS,TISTPPSGKDNKPAAGGAPSPSGASS
STEKPAGAPS,TSSTPPSGTEKKPAAGGAPSPSGASS
ITEKPAGAPS,TISTPPSGTEKKPAAGGAPSPSGASS
SKEKPAGAPS,TSSTPPSGKEKKPAAGGAPSPSGASS
IKEKPAGAPS,TISTPPSGKEKKPAAGGAPSPSGASS
STDKPAGAPS,TSSTPPSGTDKKPAAGGAPSPSGASS
ITDKPAGAPS,TISTPPSGTDKKPAAGGAPSPSGASS
SKDKPAGAPS,TSSTPPSGKDKKPAAGGAPSPSGASS
IKDKPAGAPS,TISTPPSGKDKKPAAGGAPSPSGASS
STENAAGAPS,TSSTPPSGTENKAAAGGAPSPSGASS
ITENAAGAPS,TISTPPSGTENKAAAGGAPSPSGASS
SKENAAGAPS,TSSTPPSGKENKAAAGGAPSPSGASS
IKENAAGAPS,TISTPPSGKENKAAAGGAPSPSGASS
STDNAAGAPS,TSSTPPSGTDNKAAAGGAPSPSGASS
ITDNAAGAPS,TISTPPSGTDNKAAAGGAPSPSGASS
SKDNAAGAPS,TSSTPPSGKDNKAAAGGAPSPSGASS
IKDNAAGAPS,TISTPPSGKDNKAAAGGAPSPSGASS
STEKAAGAPS,TSSTPPSGTEKKAAAGGAPSPSGASS
ITEKAAGAPS,TISTPPSGTEKKAAAGGAPSPSGASS
SKEKAAGAPS,TSSTPPSGKEKKAAAGGAPSPSGASS
IKEKAAGAPS,TISTPPSGKEKKAAAGGAPSPSGASS
STDKAAGAPS,TSSTPPSGTDKKAAAGGAPSPSGASS
ITDKAAGAPS,TISTPPSGTDKKAAAGGAPSPSGASS
SKDKAAGAPS,TSSTPPSGKDKKAAAGGAPSPSGASS
IKDKAAGAPS,TISTPPSGKDKKAAAGGAPSPSGASS
STENTAGAPS,TSSTPPSGTENKTAAGGAPSPSGASS
ITENTAGAPS,TISTPPSGTENKTAAGGAPSPSGASS
SKENTAGAPS,TSSTPPSGKENKTAAGGAPSPSGASS
IKENTAGAPS,TISTPPSGKENKTAAGGAPSPSGASS
STDNTAGAPS,TSSTPPSGTDNKTAAGGAPSPSGASS
ITDNTAGAPS,TISTPPSGTDNKTAAGGAPSPSGASS
SKDNTAGAPS,TSSTPPSGKDNKTAAGGAPSPSGASS
IKDNTAGAPS,TISTPPSGKDNKTAAGGAPSPSGASS
STEKTAGAPS,TSSTPPSGTEKKTAAGGAPSPSGASS
ITEKTAGAPS,TISTPPSGTEKKTAAGGAPSPSGASS
SKEKTAGAPS,TSSTPPSGKEKKTAAGGAPSPSGASS
IKEKTAGAPS,TISTPPSGKEKKTAAGGAPSPSGASS
STDKTAGAPS,TSSTPPSGTDKKTAAGGAPSPSGASS
ITDKTAGAPS,TISTPPSGTDKKTAAGGAPSPSGASS
SKDKTAGAPS,TSSTPPSGKDKKTAAGGAPSPSGASS
IKDKTAGAPS,TISTPPSGKDKKTAAGGAPSPSGASS
STENPTETPS,TSSTPPSGTENKPATGETPSPSGASS
ITENPTETPS,TISTPPSGTENKPATGETPSPSGASS
SKENPTETPS,TSSTPPSGKENKPATGETPSPSGASS
IKENPTETPS,TISTPPSGKENKPATGETPSPSGASS
STDNPTETPS,TSSTPPSGTDNKPATGETPSPSGASS
ITDNPTETPS,TISTPPSGTDNKPATGETPSPSGASS
SKDNPTETPS,TSSTPPSGKDNKPATGETPSPSGASS
IKDNPTETPS,TISTPPSGKDNKPATGETPSPSGASS
STEKPTETPS,TSSTPPSGTEKKPATGETPSPSGASS
ITEKPTETPS,TISTPPSGTEKKPATGETPSPSGASS
SKEKPTETPS,TSSTPPSGKEKKPATGETPSPSGASS
IKEKPTETPS,TISTPPSGKEKKPATGETPSPSGASS
STDKPTETPS,TSSTPPSGTDKKPATGETPSPSGASS
ITDKPTETPS,TISTPPSGTDKKPATGETPSPSGASS
SKDKPTETPS,TSSTPPSGKDKKPATGETPSPSGASS
IKDKPTETPS,TISTPPSGKDKKPATGETPSPSGASS
STENATETPS,TSSTPPSGTENKAATGETPSPSGASS
ITENATETPS,TISTPPSGTENKAATGETPSPSGASS
SKENATETPS,TSSTPPSGKENKAATGETPSPSGASS
IKENATETPS,TISTPPSGKENKAATGETPSPSGASS
STDNATETPS,TSSTPPSGTDNKAATGETPSPSGASS
ITDNATETPS,TISTPPSGTDNKAATGETPSPSGASS
SKDNATETPS,TSSTPPSGKDNKAATGETPSPSGASS
IKDNATETPS,TISTPPSGKDNKAATGETPSPSGASS
STEKATETPS,TSSTPPSGTEKKAATGETPSPSGASS
ITEKATETPS,TISTPPSGTEKKAATGETPSPSGASS
SKEKATETPS,TSSTPPSGKEKKAATGETPSPSGASS
IKEKATETPS,TISTPPSGKEKKAATGETPSPSGASS
STDKATETPS,TSSTPPSGTDKKAATGETPSPSGASS
ITDKATETPS,TISTPPSGTDKKAATGETPSPSGASS
SKDKATETPS,TSSTPPSGKDKKAATGETPSPSGASS
IKDKATETPS,TISTPPSGKDKKAATGETPSPSGASS
STENTTETPS,TSSTPPSGTENKTATGETPSPSGASS
ITENTTETPS,TISTPPSGTENKTATGETPSPSGASS
SKENTTETPS,TSSTPPSGKENKTATGETPSPSGASS
IKENTTETPS,TISTPPSGKENKTATGETPSPSGASS
STDNTTETPS,TSSTPPSGTDNKTATGETPSPSGASS
ITDNTTETPS,TISTPPSGTDNKTATGETPSPSGASS
SKDNTTETPS,TSSTPPSGKDNKTATGETPSPSGASS
IKDNTTETPS,TISTPPSGKDNKTATGETPSPSGASS
STEKTTETPS,TSSTPPSGTEKKTATGETPSPSGASS
ITEKTTETPS,TISTPPSGTEKKTATGETPSPSGASS
SKEKTTETPS,TSSTPPSGKEKKTATGETPSPSGASS
IKEKTTETPS,TISTPPSGKEKKTATGETPSPSGASS
STDKTTETPS,TSSTPPSGTDKKTATGETPSPSGASS
ITDKTTETPS,TISTPPSGTDKKTATGETPSPSGASS
SKDKTTETPS,TSSTPPSGKDKKTATGETPSPSGASS
IKDKTTETPS,TISTPPSGKDKKTATGETPSPSGASS
STENPAETPS,TSSTPPSGTENKPAAGETPSPSGASS
ITENPAETPS,TISTPPSGTENKPAAGETPSPSGASS
SKENPAETPS,TSSTPPSGKENKPAAGETPSPSGASS
IKENPAETPS,TISTPPSGKENKPAAGETPSPSGASS
STDNPAETPS,TSSTPPSGTDNKPAAGETPSPSGASS
ITDNPAETPS,TISTPPSGTDNKPAAGETPSPSGASS
SKDNPAETPS,TSSTPPSGKDNKPAAGETPSPSGASS
IKDNPAETPS,TISTPPSGKDNKPAAGETPSPSGASS
STEKPAETPS,TSSTPPSGTEKKPAAGETPSPSGASS
ITEKPAETPS,TISTPPSGTEKKPAAGETPSPSGASS
SKEKPAETPS,TSSTPPSGKEKKPAAGETPSPSGASS
IKEKPAETPS,TISTPPSGKEKKPAAGETPSPSGASS
STDKPAETPS,TSSTPPSGTDKKPAAGETPSPSGASS
ITDKPAETPS,TISTPPSGTDKKPAAGETPSPSGASS
SKDKPAETPS,TSSTPPSGKDKKPAAGETPSPSGASS
IKDKPAETPS,TISTPPSGKDKKPAAGETPSPSGASS
STENAAETPS,TSSTPPSGTENKAAAGETPSPSGASS
ITENAAETPS,TISTPPSGTENKAAAGETPSPSGASS
SKENAAETPS,TSSTPPSGKENKAAAGETPSPSGASS
IKENAAETPS,TISTPPSGKENKAAAGETPSPSGASS
STDNAAETPS,TSSTPPSGTDNKAAAGETPSPSGASS
ITDNAAETPS,TISTPPSGTDNKAAAGETPSPSGASS
SKDNAAETPS,TSSTPPSGKDNKAAAGETPSPSGASS
IKDNAAETPS,TISTPPSGKDNKAAAGETPSPSGASS
STEKAAETPS,TSSTPPSGTEKKAAAGETPSPSGASS
ITEKAAETPS,TISTPPSGTEKKAAAGETPSPSGASS
SKEKAAETPS,TSSTPPSGKEKKAAAGETPSPSGASS
IKEKAAETPS,TISTPPSGKEKKAAAGETPSPSGASS
STDKAAETPS,TSSTPPSGTDKKAAAGETPSPSGASS
ITDKAAETPS,TISTPPSGTDKKAAAGETPSPSGASS
SKDKAAETPS,TSSTPPSGKDKKAAAGETPSPSGASS
IKDKAAETPS,TISTPPSGKDKKAAAGETPSPSGASS
STENTAETPS,TSSTPPSGTENKTAAGETPSPSGASS
ITENTAETPS,TISTPPSGTENKTAAGETPSPSGASS
SKENTAETPS,TSSTPPSGKENKTAAGETPSPSGASS
IKENTAETPS,TISTPPSGKENKTAAGETPSPSGASS
STDNTAETPS,TSSTPPSGTDNKTAAGETPSPSGASS
ITDNTAETPS,TISTPPSGTDNKTAAGETPSPSGASS
SKDNTAETPS,TSSTPPSGKDNKTAAGETPSPSGASS
IKDNTAETPS,TISTPPSGKDNKTAAGETPSPSGASS
STEKTAETPS,TSSTPPSGTEKKTAAGETPSPSGASS
ITEKTAETPS,TISTPPSGTEKKTAAGETPSPSGASS
SKEKTAETPS,TSSTPPSGKEKKTAAGETPSPSGASS
IKEKTAETPS,TISTPPSGKEKKTAAGETPSPSGASS
STDKTAETPS,TSSTPPSGTDKKTAAGETPSPSGASS
ITDKTAETPS,TISTPPSGTDKKTAAGETPSPSGASS
SKDKTAETPS,TSSTPPSGKDKKTAAGETPSPSGASS
IKDKTAETPS,TISTPPSGKDKKTAAGETPSPSGASS
STENPTGTPS,TSSTPPSGTENKPATGGTPSPSGASS
ITENPTGTPS,TISTPPSGTENKPATGGTPSPSGASS
SKENPTGTPS,TSSTPPSGKENKPATGGTPSPSGASS
IKENPTGTPS,TISTPPSGKENKPATGGTPSPSGASS
STDNPTGTPS,TSSTPPSGTDNKPATGGTPSPSGASS
ITDNPTGTPS,TISTPPSGTDNKPATGGTPSPSGASS
SKDNPTGTPS,TSSTPPSGKDNKPATGGTPSPSGASS
IKDNPTGTPS,TISTPPSGKDNKPATGGTPSPSGASS
STEKPTGTPS,TSSTPPSGTEKKPATGGTPSPSGASS
ITEKPTGTPS,TISTPPSGTEKKPATGGTPSPSGASS
SKEKPTGTPS,TSSTPPSGKEKKPATGGTPSPSGASS
IKEKPTGTPS,TISTPPSGKEKKPATGGTPSPSGASS
STDKPTGTPS,TSSTPPSGTDKKPATGGTPSPSGASS
ITDKPTGTPS,TISTPPSGTDKKPATGGTPSPSGASS
SKDKPTGTPS,TSSTPPSGKDKKPATGGTPSPSGASS
IKDKPTGTPS,TISTPPSGKDKKPATGGTPSPSGASS
STENATGTPS,TSSTPPSGTENKAATGGTPSPSGASS
ITENATGTPS,TISTPPSGTENKAATGGTPSPSGASS
SKENATGTPS,TSSTPPSGKENKAATGGTPSPSGASS
IKENATGTPS,TISTPPSGKENKAATGGTPSPSGASS
STDNATGTPS,TSSTPPSGTDNKAATGGTPSPSGASS
ITDNATGTPS,TISTPPSGTDNKAATGGTPSPSGASS
SKDNATGTPS,TSSTPPSGKDNKAATGGTPSPSGASS
IKDNATGTPS,TISTPPSGKDNKAATGGTPSPSGASS
STEKATGTPS,TSSTPPSGTEKKAATGGTPSPSGASS
ITEKATGTPS,TISTPPSGTEKKAATGGTPSPSGASS
SKEKATGTPS,TSSTPPSGKEKKAATGGTPSPSGASS
IKEKATGTPS,TISTPPSGKEKKAATGGTPSPSGASS
STDKATGTPS,TSSTPPSGTDKKAATGGTPSPSGASS
ITDKATGTPS,TISTPPSGTDKKAATGGTPSPSGASS
SKDKATGTPS,TSSTPPSGKDKKAATGGTPSPSGASS
IKDKATGTPS,TISTPPSGKDKKAATGGTPSPSGASS
STENTTGTPS,TSSTPPSGTENKTATGGTPSPSGASS
ITENTTGTPS,TISTPPSGTENKTATGGTPSPSGASS
SKENTTGTPS,TSSTPPSGKENKTATGGTPSPSGASS
IKENTTGTPS,TISTPPSGKENKTATGGTPSPSGASS
STDNTTGTPS,TSSTPPSGTDNKTATGGTPSPSGASS
ITDNTTGTPS,TISTPPSGTDNKTATGGTPSPSGASS
SKDNTTGTPS,TSSTPPSGKDNKTATGGTPSPSGASS
IKDNTTGTPS,TISTPPSGKDNKTATGGTPSPSGASS
STEKTTGTPS,TSSTPPSGTEKKTATGGTPSPSGASS
ITEKTTGTPS,TISTPPSGTEKKTATGGTPSPSGASS
SKEKTTGTPS,TSSTPPSGKEKKTATGGTPSPSGASS
IKEKTTGTPS,TISTPPSGKEKKTATGGTPSPSGASS
STDKTTGTPS,TSSTPPSGTDKKTATGGTPSPSGASS
ITDKTTGTPS,TISTPPSGTDKKTATGGTPSPSGASS
SKDKTTGTPS,TSSTPPSGKDKKTATGGTPSPSGASS
IKDKTTGTPS,TISTPPSGKDKKTATGGTPSPSGASS
STENPAGTPS,TSSTPPSGTENKPAAGGTPSPSGASS
ITENPAGTPS,TISTPPSGTENKPAAGGTPSPSGASS
SKENPAGTPS,TSSTPPSGKENKPAAGGTPSPSGASS
IKENPAGTPS,TISTPPSGKENKPAAGGTPSPSGASS
STDNPAGTPS,TSSTPPSGTDNKPAAGGTPSPSGASS
ITDNPAGTPS,TISTPPSGTDNKPAAGGTPSPSGASS
SKDNPAGTPS,TSSTPPSGKDNKPAAGGTPSPSGASS
IKDNPAGTPS,TISTPPSGKDNKPAAGGTPSPSGASS
STEKPAGTPS,TSSTPPSGTEKKPAAGGTPSPSGASS
ITEKPAGTPS,TISTPPSGTEKKPAAGGTPSPSGASS
SKEKPAGTPS,TSSTPPSGKEKKPAAGGTPSPSGASS
IKEKPAGTPS,TISTPPSGKEKKPAAGGTPSPSGASS
STDKPAGTPS,TSSTPPSGTDKKPAAGGTPSPSGASS
ITDKPAGTPS,TISTPPSGTDKKPAAGGTPSPSGASS
SKDKPAGTPS,TSSTPPSGKDKKPAAGGTPSPSGASS
IKDKPAGTPS,TISTPPSGKDKKPAAGGTPSPSGASS
STENAAGTPS,TSSTPPSGTENKAAAGGTPSPSGASS
ITENAAGTPS,TISTPPSGTENKAAAGGTPSPSGASS
SKENAAGTPS,TSSTPPSGKENKAAAGGTPSPSGASS
IKENAAGTPS,TISTPPSGKENKAAAGGTPSPSGASS
STDNAAGTPS,TSSTPPSGTDNKAAAGGTPSPSGASS
ITDNAAGTPS,TISTPPSGTDNKAAAGGTPSPSGASS
SKDNAAGTPS,TSSTPPSGKDNKAAAGGTPSPSGASS
IKDNAAGTPS,TISTPPSGKDNKAAAGGTPSPSGASS
STEKAAGTPS,TSSTPPSGTEKKAAAGGTPSPSGASS
ITEKAAGTPS,TISTPPSGTEKKAAAGGTPSPSGASS
SKEKAAGTPS,TSSTPPSGKEKKAAAGGTPSPSGASS
IKEKAAGTPS,TISTPPSGKEKKAAAGGTPSPSGASS
STDKAAGTPS,TSSTPPSGTDKKAAAGGTPSPSGASS
ITDKAAGTPS,TISTPPSGTDKKAAAGGTPSPSGASS
SKDKAAGTPS,TSSTPPSGKDKKAAAGGTPSPSGASS
IKDKAAGTPS,TISTPPSGKDKKAAAGGTPSPSGASS
STENTAGTPS,TSSTPPSGTENKTAAGGTPSPSGASS
ITENTAGTPS,TISTPPSGTENKTAAGGTPSPSGASS
SKENTAGTPS,TSSTPPSGKENKTAAGGTPSPSGASS
IKENTAGTPS,TISTPPSGKENKTAAGGTPSPSGASS
STDNTAGTPS,TSSTPPSGTDNKTAAGGTPSPSGASS
ITDNTAGTPS,TISTPPSGTDNKTAAGGTPSPSGASS
SKDNTAGTPS,TSSTPPSGKDNKTAAGGTPSPSGASS
IKDNTAGTPS,TISTPPSGKDNKTAAGGTPSPSGASS
STEKTAGTPS,TSSTPPSGTEKKTAAGGTPSPSGASS
ITEKTAGTPS,TISTPPSGTEKKTAAGGTPSPSGASS
SKEKTAGTPS,TSSTPPSGKEKKTAAGGTPSPSGASS
IKEKTAGTPS,TISTPPSGKEKKTAAGGTPSPSGASS
STDKTAGTPS,TSSTPPSGTDKKTAAGGTPSPSGASS
ITDKTAGTPS,TISTPPSGTDKKTAAGGTPSPSGASS
SKDKTAGTPS,TSSTPPSGKDKKTAAGGTPSPSGASS
IKDKTAGTPS,TISTPPSGKDKKTAAGGTPSPSGASS
